ext_id;name;accuracy_mm;layer_height_mm;infill_pct;shells;material;color;estimated_time_min;estimated_weight_g
JOB-0001;Obudowa wentylatora S;0,351;0,3;20;3;ABS;Black;21,7;2,3
JOB-0002;Obudowa przekaźnika M;0,318;0,24;25;3;PLA;Transparent;113,7;37,8
JOB-0003;Uchwyt elementu L;0,298;0,24;20;2;ABS;Green;169,1;38,9
JOB-0004;Prowadnica drukarki M;0,204;0,2;20;2;PETG;Yellow;125,9;37,6
JOB-0005;Korpus grzałki M;0,177;0,16;20;3;PC;Red;222,9;39,6
JOB-0006;Uchwyt płyty S;0,339;0,3;20;3;ABS;Transparent;37,4;9
JOB-0007;Ramka przewodu L;0,301;0,26;15;2;Nylon;Green;209;59,4
JOB-0008;Obejma szyny M;0,392;0,28;25;3;PLA;Red;70,3;27,8
JOB-0009;Obejma rolki S;0,392;0,28;20;3;PLA;Black;36,8;7,9
JOB-0010;Obudowa rolki L;0,319;0,3;15;3;PC;Black;254,2;83,8
JOB-0011;Klamra włącznika M;0,365;0,28;15;2;PC;Gray;95,6;32
JOB-0012;Korpus wentylatora L;0,245;0,2;10;2;TPU;Silver;419,7;65,6
JOB-0013;Zawias drzwi S;0,348;0,28;25;4;ASA;White;44,5;7,8
JOB-0014;Obudowa uchwytu M;0,287;0,28;20;3;ASA;Red;69,7;19,4
JOB-0015;Lejek zaworu M;0,131;0,12;15;2;PETG;Silver;79;14,9
JOB-0016;Ramka kabla M;0,14;0,12;20;3;PETG;Silver;176,4;24,5
JOB-0017;Kołnierz elementu L;0,187;0,16;30;2;ABS;White;296,1;50,1
JOB-0018;Prowadnica przekaźnika M;0,384;0,28;35;2;PLA;White;39,6;16,4
JOB-0019;Dystans drzwi S;0,284;0,24;25;2;PETG;Orange;31,7;5,7
JOB-0020;Lejek włącznika XL;0,286;0,28;20;2;ABS;Orange;534,9;149,3
JOB-0021;Wspornik płyty S;0,279;0,24;50;2;TPU;Transparent;51;5,8
JOB-0022;Stopka przewodu M;0,219;0,2;25;3;PETG;Black;133,8;32
JOB-0023;Zawias włącznika L;0,288;0,28;40;2;ABS;Blue;128,7;53,1
JOB-0024;Obejma czujnika S;0,391;0,28;35;3;PLA;Green;24,7;4,5
JOB-0025;Maskownica grzałki L;0,127;0,12;30;2;ABS;Transparent;283,7;51,7
JOB-0026;Obudowa kamery S;0,133;0,12;30;2;PLA;Green;57,5;7,4
JOB-0027;Klamra kabla M;0,163;0,12;25;2;ASA;Blue;222,4;26
JOB-0028;Adapter ramienia S;0,132;0,12;25;3;Nylon;Silver;44,4;5,3
JOB-0029;Obudowa przekaźnika L;0,216;0,16;30;4;Nylon;Yellow;285,9;72
JOB-0030;Uchwyt szyny M;0,167;0,16;25;3;ASA;Green;192,2;33,1
JOB-0031;Kołnierz ramienia L;0,404;0,3;35;2;PLA;Orange;174,2;75,9
JOB-0032;Adapter grzałki S;0,221;0,2;35;3;ABS;Yellow;28,5;2,4
JOB-0033;Klamra zaworu S;0,16;0,16;50;2;PETG;Green;92,6;17,3
JOB-0034;Dystans kamery M;0,135;0,12;40;4;PETG;White;260,3;52,4
JOB-0035;Klamra czujnika M;0,336;0,3;20;3;PETG;Blue;56,9;23,6
JOB-0036;Pokrywa wentylatora M;0,316;0,24;25;2;PLA;Red;66,1;27,4
JOB-0037;Lejek grzałki L;0,163;0,16;35;2;PLA;Silver;311,2;114,4
JOB-0038;Obudowa silnika M;0,303;0,24;40;2;Nylon;White;160,8;45,7
JOB-0039;Ramka włącznika M;0,169;0,16;40;2;ASA;Red;73,9;15,2
JOB-0040;Pokrywa szyny M;0,33;0,28;30;2;PC;Silver;147,7;46,4
JOB-0041;Kołnierz kamery L;0,178;0,16;20;3;PETG;Red;349,3;76,3
JOB-0042;Dystans kabla S;0,195;0,16;20;2;PLA;Transparent;27,9;3
JOB-0043;Stopka podajnika L;0,319;0,28;30;2;PLA;Yellow;117,6;52,8
JOB-0044;Stopka przekaźnika M;0,305;0,24;40;3;PETG;Transparent;121,7;30,5
JOB-0045;Ramka przekaźnika L;0,274;0,26;25;4;Nylon;Gray;384,8;90,5
JOB-0046;Korpus szyny S;0,22;0,2;25;2;PLA;Yellow;37,2;10,3
JOB-0047;Obudowa grzałki S;0,33;0,3;40;2;PLA;Transparent;24,4;3,5
JOB-0048;Adapter przekaźnika L;0,249;0,2;15;2;PLA;Gray;138,8;58,7
JOB-0049;Prowadnica silnika M;0,247;0,24;40;3;PC;White;235,3;63,9
JOB-0050;Obejma kamery S;0,138;0,12;30;3;ABS;Blue;93,8;11,2
JOB-0051;Kołnierz grzałki XL;0,31;0,24;15;3;PLA;Yellow;333;173,5
JOB-0052;Ramka płyty L;0,207;0,2;25;3;Nylon;Transparent;285,2;85,4
JOB-0053;Kołnierz grzałki S;0,177;0,16;20;3;ASA;Silver;54,4;8
JOB-0054;Lejek elementu S;0,306;0,24;25;3;ASA;Blue;29,1;3,8
JOB-0055;Klamra kamery S;0,234;0,2;25;2;Nylon;White;44,7;7,6
JOB-0056;Zawias zaworu S;0,153;0,12;20;2;PETG;Orange;30,3;3,4
JOB-0057;Maskownica czujnika M;0,137;0,12;50;3;ASA;Blue;176,5;30
JOB-0058;Obudowa uchwytu M;0,167;0,16;50;2;ASA;Gray;225,1;48,2
JOB-0059;Wspornik kabla S;0,287;0,24;20;2;PLA;Orange;41,7;9,6
JOB-0060;Obejma gniazda S;0,262;0,24;15;4;PLA;Silver;31,2;6,4
JOB-0061;Zawias zaworu M;0,165;0,12;25;2;PETG;Orange;168,6;31,7
JOB-0062;Maskownica drukarki S;0,243;0,24;20;2;PLA;White;18,1;1,7
JOB-0063;Klamra płyty S;0,328;0,28;20;2;ASA;Orange;32,2;7
JOB-0064;Ramka drukarki S;0,353;0,3;15;3;ABS;Blue;23,9;3,3
JOB-0065;Prowadnica uchwytu S;0,242;0,24;25;2;ABS;Blue;20,6;1,9
JOB-0066;Pokrywa uchwytu S;0,219;0,16;30;4;PETG;Black;30,9;2,9
JOB-0067;Maskownica gniazda M;0,153;0,12;25;4;PETG;Orange;131,2;26
JOB-0068;Klamra elementu S;0,24;0,24;15;2;Nylon;Transparent;20,2;2,1
JOB-0069;Ramka szyny M;0,165;0,12;30;2;PETG;Red;200,9;30,6
JOB-0070;Ramka silnika S;0,328;0,24;30;3;PLA;Silver;24,4;2,4
JOB-0071;Stopka zaworu M;0,293;0,24;30;2;ABS;Gray;64,4;19,6
JOB-0072;Obudowa drukarki S;0,266;0,24;15;3;TPU;Transparent;52,1;7,4
JOB-0073;Ramka kamery L;0,292;0,24;30;3;ASA;Silver;276,2;76,8
JOB-0074;Zaczep szyny L;0,3;0,26;20;3;TPU;Red;196,3;44,9
JOB-0075;Zaczep podajnika L;0,241;0,24;25;2;PC;Gray;494;110,9
JOB-0076;Klamra gniazda S;0,322;0,24;35;2;TPU;Gray;52,6;9,5
JOB-0077;Adapter silnika S;0,235;0,2;10;3;PC;Orange;33,1;5,8
JOB-0078;Pokrywa przekaźnika L;0,233;0,2;10;4;PETG;Blue;182,8;51,6
JOB-0079;Obudowa elementu S;0,189;0,16;30;3;PLA;Silver;65,2;12,6
JOB-0080;Maskownica zaworu S;0,308;0,26;25;2;TPU;Transparent;37,2;7,3
JOB-0081;Kołnierz czujnika S;0,379;0,3;20;2;PC;Orange;27,8;4,4
JOB-0082;Osłona rolki L;0,201;0,16;30;4;PETG;Black;521,3;138,1
JOB-0083;Maskownica kamery M;0,253;0,24;40;3;ABS;Gray;127,5;26,5
JOB-0084;Lejek drukarki L;0,309;0,28;35;2;ASA;Gray;178,3;74,6
JOB-0085;Klamra ramienia S;0,223;0,16;25;3;ASA;Green;49,3;8,2
JOB-0086;Stojak silnika M;0,377;0,3;25;2;PLA;Yellow;83,3;34,5
JOB-0087;Maskownica podajnika M;0,19;0,16;40;2;ABS;Orange;229,4;49,1
JOB-0088;Klamra podajnika M;0,355;0,28;20;4;PLA;Black;54;14,9
JOB-0089;Prowadnica ramienia L;0,235;0,2;30;3;PETG;Gray;453,1;107
JOB-0090;Korpus zaworu S;0,213;0,16;50;2;PLA;Green;38,3;9,2
JOB-0091;Wspornik zaworu S;0,342;0,28;15;4;ABS;Silver;45,4;8,4
JOB-0092;Adapter czujnika L;0,211;0,16;15;2;Nylon;Red;133,3;32,2
JOB-0093;Korpus szyny S;0,125;0,12;20;3;PLA;Green;35,6;3,4
JOB-0094;Maskownica elementu M;0,152;0,12;15;2;PETG;Green;170;34
JOB-0095;Przelotka grzałki M;0,326;0,24;25;2;ABS;Black;97,7;29,3
JOB-0096;Adapter silnika M;0,348;0,28;30;2;PLA;Gray;59,7;25,4
JOB-0097;Przelotka podajnika M;0,258;0,2;20;3;TPU;Transparent;91,3;17,7
JOB-0098;Zaczep drzwi L;0,155;0,12;20;2;PLA;Blue;266,7;44,2
JOB-0099;Osłona drukarki M;0,333;0,24;30;3;PLA;Transparent;99,4;49,2
JOB-0100;Wspornik płyty M;0,261;0,2;20;2;PETG;Silver;109,6;36,4
JOB-0101;Obudowa przekaźnika M;0,153;0,12;35;4;Nylon;Transparent;273;42,7
JOB-0102;Obudowa wentylatora S;0,376;0,3;20;4;PLA;Blue;24,9;3,3
JOB-0103;Uchwyt przewodu S;0,207;0,2;25;2;ASA;Red;28,6;4,1
JOB-0104;Adapter ramienia M;0,365;0,28;15;2;PLA;Silver;51,1;19,7
JOB-0105;Maskownica zaworu M;0,16;0,16;25;3;PETG;Blue;114,8;24
JOB-0106;Stojak wentylatora M;0,192;0,16;15;2;ASA;Blue;97,9;16,8
JOB-0107;Adapter gniazda S;0,28;0,24;25;2;PETG;Black;27,6;5
JOB-0108;Wspornik gniazda M;0,219;0,2;40;2;PLA;Green;180,5;47,9
JOB-0109;Stojak ramienia S;0,144;0,12;30;3;PETG;Yellow;75,2;11,3
JOB-0110;Ramka uchwytu S;0,375;0,3;15;2;ASA;Gray;30,4;4,9
JOB-0111;Korpus szyny M;0,212;0,2;40;3;ASA;Orange;189;54,9
JOB-0112;Korpus wentylatora S;0,32;0,24;25;3;PETG;Blue;24,7;2,9
JOB-0113;Przelotka grzałki XL;0,151;0,12;25;2;ABS;Transparent;1237,6;190,5
JOB-0114;Ramka elementu L;0,305;0,3;25;4;PETG;Gray;332,2;119,5
JOB-0115;Przelotka wentylatora S;0,25;0,2;20;2;PETG;Silver;29,6;5,2
JOB-0116;Zaczep ramienia M;0,345;0,28;20;3;PLA;Transparent;62,6;32
JOB-0117;Obejma wentylatora S;0,38;0,3;30;2;PLA;Yellow;26,8;8,1
JOB-0118;Zaczep przewodu S;0,218;0,2;10;2;ABS;Yellow;32,2;5,8
JOB-0119;Stopka przewodu M;0,316;0,3;25;2;PLA;White;70,2;29,5
JOB-0120;Ramka płyty M;0,373;0,3;20;3;PLA;Silver;51,9;24,1
JOB-0121;Maskownica gniazda L;0,355;0,3;35;4;PETG;Blue;157,5;83,1
JOB-0122;Adapter włącznika L;0,23;0,2;35;4;PETG;Yellow;332,1;77,8
JOB-0123;Stojak czujnika M;0,318;0,24;20;2;TPU;Blue;160,4;24,9
JOB-0124;Przelotka przewodu XL;0,154;0,12;20;2;PETG;Yellow;887,7;154,3
JOB-0125;Kołnierz zaworu L;0,248;0,24;25;4;PLA;Blue;256,7;110,6
JOB-0126;Osłona elementu M;0,187;0,16;30;4;Nylon;Transparent;256,6;44,2
JOB-0127;Wspornik podajnika M;0,183;0,16;10;3;PLA;Orange;66,4;13,8
JOB-0128;Stopka ramienia XL;0,333;0,28;20;2;PLA;White;312,4;173,3
JOB-0129;Uchwyt ramienia S;0,136;0,12;15;2;PLA;Black;36,4;6,2
JOB-0130;Ramka kabla XL;0,21;0,16;30;3;PETG;Gray;768,5;227,8
JOB-0131;Zawias drukarki S;0,264;0,24;40;3;PLA;Black;28,9;7
JOB-0132;Pokrywa szyny S;0,277;0,24;20;3;PETG;Black;28,9;5,2
JOB-0133;Maskownica kamery L;0,129;0,12;25;4;ABS;Green;607,2;90,7
JOB-0134;Stojak grzałki M;0,387;0,3;20;3;PLA;Green;59,4;24,6
JOB-0135;Obudowa przewodu S;0,305;0,24;35;3;PC;Blue;57,4;11,4
JOB-0136;Ramka ramienia L;0,255;0,24;15;2;Nylon;Orange;138,9;49,7
JOB-0137;Obejma gniazda S;0,172;0,16;25;3;PETG;White;44,5;8,8
JOB-0138;Zaczep wentylatora M;0,216;0,2;20;2;TPU;White;191,6;39,1
JOB-0139;Maskownica przekaźnika XL;0,365;0,3;35;4;PETG;Orange;849,1;372,7
JOB-0140;Wspornik ramienia S;0,183;0,16;25;3;ASA;Gray;35,8;3,4
JOB-0141;Wspornik wentylatora S;0,392;0,3;40;2;PETG;Transparent;30,6;8
JOB-0142;Dystans włącznika M;0,388;0,28;25;3;PLA;Green;57,5;24,8
JOB-0143;Maskownica wentylatora S;0,314;0,26;25;3;TPU;Black;34,5;3,6
JOB-0144;Osłona grzałki M;0,319;0,3;30;2;PLA;Transparent;50,5;16,4
JOB-0145;Osłona czujnika S;0,344;0,28;35;2;PLA;Silver;44,5;13,6
JOB-0146;Pokrywa elementu M;0,383;0,3;40;2;PETG;Transparent;133,6;54,6
JOB-0147;Stojak włącznika S;0,348;0,3;30;2;PETG;Orange;31,9;10,1
JOB-0148;Prowadnica przekaźnika M;0,15;0,12;15;2;PETG;Green;87,2;12,6
JOB-0149;Stopka włącznika S;0,242;0,24;20;3;Nylon;Silver;48,5;10
JOB-0150;Adapter podajnika S;0,301;0,3;20;2;PETG;Red;26,2;6
JOB-0151;Stopka włącznika S;0,312;0,28;30;3;PLA;Blue;29,1;6,8
JOB-0152;Stojak przewodu M;0,136;0,12;50;2;PETG;Transparent;155,1;25,6
JOB-0153;Zaczep kamery S;0,326;0,24;10;2;PLA;Transparent;25,8;5,5
JOB-0154;Wspornik drukarki M;0,239;0,2;50;2;PC;Green;155;36,6
JOB-0155;Kołnierz uchwytu XL;0,372;0,3;30;2;PETG;Black;415,5;233,7
JOB-0156;Adapter zaworu M;0,243;0,24;20;3;PETG;Black;116,2;31,6
JOB-0157;Uchwyt przewodu S;0,362;0,28;25;2;PLA;Green;24,5;6,7
JOB-0158;Kołnierz grzałki M;0,195;0,16;30;2;PETG;Transparent;115,5;25,5
JOB-0159;Lejek ramienia L;0,239;0,2;20;2;PETG;Red;297;101,8
JOB-0160;Maskownica kabla M;0,317;0,24;25;2;PETG;Blue;109,9;43,2
JOB-0161;Kołnierz przewodu S;0,196;0,16;25;2;PLA;White;31,8;6,5
JOB-0162;Adapter przewodu L;0,206;0,16;15;2;PLA;Silver;220,1;46,3
JOB-0163;Przelotka drukarki M;0,333;0,24;20;4;PLA;Transparent;107,4;42
JOB-0164;Pokrywa kabla M;0,162;0,12;20;3;ABS;White;181,9;32,1
JOB-0165;Adapter kamery M;0,245;0,2;20;3;PC;Yellow;141,2;40,9
JOB-0166;Ramka rolki S;0,213;0,2;40;2;PLA;Transparent;44,7;9,2
JOB-0167;Dystans włącznika M;0,186;0,16;35;3;ASA;Black;199,7;41,5
JOB-0168;Kołnierz kamery S;0,189;0,16;20;3;PLA;Yellow;38,8;4,7
JOB-0169;Maskownica silnika M;0,153;0,12;30;2;PLA;Silver;80,2;15,2
JOB-0170;Klamra szyny XL;0,28;0,24;20;2;ABS;Blue;396,2;137,9
JOB-0171;Wspornik silnika M;0,289;0,28;30;3;ASA;Red;123;38,7
JOB-0172;Lejek wentylatora M;0,36;0,28;20;4;PLA;Transparent;50,9;17,2
JOB-0173;Obudowa gniazda M;0,135;0,12;25;3;TPU;Orange;247,8;28,2
JOB-0174;Lejek kabla S;0,163;0,12;25;3;PLA;Black;39,6;5,5
JOB-0175;Stopka gniazda XL;0,283;0,24;30;3;PLA;Gray;589,5;252,7
JOB-0176;Obudowa czujnika S;0,261;0,24;35;2;PLA;Transparent;44,5;14,1
JOB-0177;Adapter kabla M;0,172;0,16;25;3;PC;Orange;233,4;44,3
JOB-0178;Uchwyt płyty L;0,149;0,12;40;3;Nylon;Yellow;700;82,6
JOB-0179;Wspornik kamery L;0,212;0,16;25;2;ASA;Yellow;403,6;83,8
JOB-0180;Pokrywa podajnika XL;0,331;0,24;35;2;PETG;Green;721,8;247
JOB-0181;Pokrywa drzwi M;0,224;0,2;40;4;PETG;Black;183,7;58,8
JOB-0182;Stopka płyty L;0,339;0,28;30;2;PETG;Red;302,2;124,7
JOB-0183;Osłona grzałki L;0,345;0,3;40;3;PLA;Green;119,4;74,6
JOB-0184;Obudowa zaworu M;0,269;0,24;30;2;PLA;White;103,9;34,4
JOB-0185;Maskownica gniazda L;0,366;0,3;30;3;PC;White;384,4;116,4
JOB-0186;Stojak kamery L;0,41;0,3;20;2;PETG;Green;160,4;69,9
JOB-0187;Przelotka płyty S;0,297;0,28;30;3;PETG;Silver;35,9;8,7
JOB-0188;Pokrywa ramienia M;0,287;0,24;30;2;PETG;Red;63,3;23,3
JOB-0189;Uchwyt czujnika M;0,124;0,12;40;2;PLA;Transparent;202,6;45,7
JOB-0190;Lejek szyny S;0,15;0,12;20;2;PETG;Red;42,1;5,6
JOB-0191;Pokrywa silnika M;0,254;0,2;10;3;PLA;Transparent;70,1;14,6
JOB-0192;Ramka uchwytu M;0,277;0,2;20;2;TPU;Transparent;159;33,8
JOB-0193;Klamra szyny S;0,346;0,3;35;2;PLA;Red;35,7;14,1
JOB-0194;Obejma kabla L;0,208;0,2;15;3;PLA;Black;193;73,9
JOB-0195;Przelotka czujnika S;0,384;0,28;10;2;PLA;Silver;26,1;6,8
JOB-0196;Stopka drzwi L;0,267;0,2;35;2;PC;Silver;715,8;142,8
JOB-0197;Przelotka grzałki S;0,267;0,2;30;3;PLA;Gray;55,4;10,7
JOB-0198;Dystans przekaźnika S;0,33;0,24;30;2;ASA;Silver;28,8;4,3
JOB-0199;Zaczep gniazda L;0,158;0,12;30;2;ABS;Yellow;649,7;89,1
JOB-0200;Klamra włącznika M;0,142;0,12;40;2;PLA;White;297,9;51,3
JOB-0201;Klamra płyty M;0,315;0,24;25;2;PETG;Black;150,5;39,3
JOB-0202;Lejek wentylatora S;0,187;0,16;20;3;PETG;Gray;38,5;4,3
JOB-0203;Osłona gniazda M;0,181;0,16;25;3;PETG;Red;143,9;29,6
JOB-0204;Zawias szyny L;0,331;0,24;25;2;Nylon;Green;352,2;83,9
JOB-0205;Stopka ramienia M;0,311;0,28;20;4;PLA;Yellow;61,7;28,5
JOB-0206;Ramka drukarki S;0,154;0,12;50;2;PLA;Silver;63,8;14,8
JOB-0207;Dystans gniazda M;0,276;0,26;35;3;Nylon;White;132,1;34,7
JOB-0208;Klamra grzałki M;0,416;0,3;25;2;PLA;Silver;90,8;43
JOB-0209;Stopka kamery M;0,356;0,28;20;2;ABS;White;59,5;12,6
JOB-0210;Stopka elementu S;0,33;0,28;15;2;PC;Yellow;33,2;7,2
JOB-0211;Zaczep ramienia XL;0,209;0,2;20;3;ASA;Silver;600,3;150,2
JOB-0212;Adapter czujnika S;0,336;0,3;25;3;PLA;Orange;21,7;3
JOB-0213;Ramka płyty XL;0,187;0,16;20;3;Nylon;White;626,4;132,6
JOB-0214;Zawias zaworu S;0,16;0,16;30;2;Nylon;Gray;60,9;9,3
JOB-0215;Obejma kamery M;0,215;0,16;35;3;PLA;White;118,3;31,4
JOB-0216;Osłona uchwytu S;0,179;0,16;15;2;PETG;Silver;30,7;4,9
JOB-0217;Stopka podajnika S;0,169;0,16;20;2;PLA;Gray;29,8;4,8
JOB-0218;Osłona kabla XL;0,321;0,24;30;3;PLA;Transparent;587,8;236,2
JOB-0219;Ramka szyny S;0,303;0,26;20;2;TPU;Black;39,5;6,2
JOB-0220;Lejek drzwi S;0,343;0,28;30;2;PLA;Silver;26;5,1
JOB-0221;Dystans silnika L;0,13;0,12;30;2;PETG;Silver;382,3;81,5
JOB-0222;Prowadnica zaworu M;0,157;0,12;50;2;ASA;Red;220,4;31,9
JOB-0223;Uchwyt uchwytu M;0,26;0,24;35;3;Nylon;Silver;144,9;31,7
JOB-0224;Adapter przewodu XL;0,39;0,28;20;3;PETG;Blue;400,8;153,6
JOB-0225;Stopka szyny L;0,213;0,16;50;4;PC;Yellow;586,7;99,3
JOB-0226;Stojak elementu S;0,153;0,12;20;3;PLA;Blue;56,7;8,9
JOB-0227;Klamra gniazda L;0,322;0,24;35;3;PC;Green;225,6;71,6
JOB-0228;Przelotka kabla S;0,334;0,28;25;3;PLA;Yellow;25,5;4,9
JOB-0229;Maskownica przekaźnika S;0,253;0,24;40;2;PLA;Orange;38,1;8,5
JOB-0230;Prowadnica podajnika S;0,292;0,26;20;2;TPU;Blue;50,7;7,1
JOB-0231;Adapter podajnika S;0,341;0,3;25;2;ABS;White;24;3,4
JOB-0232;Zaczep przewodu M;0,231;0,2;20;2;ABS;Orange;59,4;11
JOB-0233;Ramka zaworu M;0,374;0,3;30;2;PLA;Silver;73,4;40,6
JOB-0234;Korpus płyty M;0,267;0,24;15;2;PLA;White;56,8;17,8
JOB-0235;Zawias gniazda L;0,373;0,3;20;3;PETG;Silver;95,6;46
JOB-0236;Obudowa ramienia S;0,194;0,16;35;3;PLA;Black;40,5;7,3
JOB-0237;Obudowa uchwytu M;0,209;0,16;35;2;PC;Gray;174,8;39,4
JOB-0238;Stopka wentylatora L;0,233;0,2;40;2;PLA;Blue;244,8;99,8
JOB-0239;Wspornik wentylatora S;0,181;0,16;20;3;ABS;Transparent;37,1;5,4
JOB-0240;Pokrywa silnika S;0,245;0,24;35;3;PLA;Yellow;27,7;3,6
JOB-0241;Kołnierz silnika XL;0,39;0,3;20;3;PLA;Gray;378,9;183,1
JOB-0242;Uchwyt szyny M;0,337;0,28;25;2;ASA;Black;58,3;17,3
JOB-0243;Obudowa płyty S;0,26;0,26;20;2;TPU;Gray;48,4;6,3
JOB-0244;Prowadnica kamery L;0,353;0,28;20;2;PLA;Green;150,8;91,9
JOB-0245;Stopka wentylatora S;0,167;0,12;15;2;PLA;Green;41,4;5,1
JOB-0246;Osłona płyty S;0,224;0,2;20;3;TPU;Blue;53,7;5,8
JOB-0247;Dystans czujnika L;0,281;0,28;50;4;PETG;Silver;350,5;171,1
JOB-0248;Zawias włącznika S;0,337;0,3;30;3;PLA;Green;28,4;6,1
JOB-0249;Dystans ramienia XL;0,161;0,12;15;2;PC;Yellow;1622,4;176,7
JOB-0250;Prowadnica drukarki M;0,388;0,28;25;3;PETG;White;74,9;27,2
JOB-0251;Wspornik silnika L;0,259;0,24;20;4;PLA;Green;187,1;68,7
JOB-0252;Korpus przekaźnika S;0,215;0,16;20;2;PLA;Gray;30;4,7
JOB-0253;Stopka włącznika S;0,277;0,2;30;3;Nylon;Blue;69,4;10,9
JOB-0254;Adapter przewodu S;0,249;0,24;50;2;PLA;Blue;35;9,3
JOB-0255;Wspornik rolki S;0,207;0,2;50;3;PLA;Black;54,7;16,3
JOB-0256;Adapter kabla L;0,212;0,16;15;2;TPU;White;507,2;56,2
JOB-0257;Pokrywa rolki L;0,137;0,12;25;2;PC;Black;539,9;76,4
JOB-0258;Stopka przewodu S;0,248;0,24;30;2;PLA;Gray;24,3;5,3
JOB-0259;Lejek ramienia M;0,292;0,24;50;2;PETG;Transparent;61;20
JOB-0260;Lejek włącznika S;0,123;0,12;20;2;TPU;Transparent;58,8;6,5
JOB-0261;Prowadnica uchwytu S;0,259;0,2;50;4;PETG;Silver;64,4;14,6
JOB-0262;Wspornik czujnika L;0,274;0,24;35;2;Nylon;Yellow;251,7;66,7
JOB-0263;Uchwyt płyty M;0,244;0,24;25;4;ASA;Green;71,1;17,1
JOB-0264;Przelotka kabla L;0,211;0,16;10;2;ABS;Black;176,6;31,7
JOB-0265;Stopka uchwytu S;0,275;0,2;15;3;PLA;Silver;27,6;5,7
JOB-0266;Klamra grzałki M;0,321;0,3;50;2;PLA;Blue;70,5;42,5
JOB-0267;Wspornik gniazda S;0,276;0,2;35;3;Nylon;Red;70,2;10,8
JOB-0268;Przelotka wentylatora L;0,192;0,16;30;2;TPU;Silver;731,9;122,8
JOB-0269;Zawias płyty S;0,301;0,3;40;2;PLA;Green;33;11,8
JOB-0270;Stopka ramienia S;0,35;0,3;15;2;ABS;Green;24;3,5
JOB-0271;Maskownica czujnika M;0,214;0,16;35;3;PETG;White;252,1;50,2
JOB-0272;Osłona szyny S;0,318;0,28;20;2;PLA;White;25,7;7,8
JOB-0273;Klamra drzwi L;0,14;0,12;20;4;ASA;Yellow;346,8;48,3
JOB-0274;Maskownica grzałki S;0,281;0,24;15;2;PLA;Blue;29,3;5,4
JOB-0275;Kołnierz wentylatora S;0,143;0,12;20;2;PETG;White;28,8;2,4
JOB-0276;Wspornik kabla S;0,267;0,2;40;2;ABS;Yellow;43,3;7,1
JOB-0277;Obejma podajnika M;0,323;0,28;20;2;PLA;White;100,4;39,3
JOB-0278;Wspornik grzałki S;0,362;0,3;20;3;PC;Orange;37,6;5,6
JOB-0279;Zawias przewodu XL;0,204;0,16;50;2;PLA;Orange;1729,1;382,6
JOB-0280;Ramka czujnika L;0,267;0,24;30;2;Nylon;Blue;196,4;53,8
JOB-0281;Adapter uchwytu S;0,33;0,24;35;3;Nylon;Silver;29,9;4
JOB-0282;Kołnierz gniazda L;0,304;0,3;40;3;ASA;Blue;211,1;77,4
JOB-0283;Stojak czujnika S;0,411;0,3;25;3;PLA;Silver;39,3;11
JOB-0284;Przelotka rolki L;0,188;0,16;35;2;PLA;Blue;490,5;115,4
JOB-0285;Uchwyt włącznika S;0,345;0,3;20;3;ASA;Silver;36,5;7,8
JOB-0286;Uchwyt płyty S;0,32;0,24;25;2;Nylon;White;55,8;9,3
JOB-0287;Prowadnica ramienia S;0,356;0,28;30;4;PLA;Black;42,8;12,2
JOB-0288;Korpus drukarki M;0,213;0,16;35;2;PETG;Orange;113,1;29,9
JOB-0289;Obejma czujnika XL;0,378;0,3;25;2;PLA;Black;513,3;245,1
JOB-0290;Kołnierz podajnika S;0,18;0,16;15;2;TPU;Black;68,5;7
JOB-0291;Stojak drzwi S;0,289;0,24;20;2;TPU;Green;41,9;5,9
JOB-0292;Maskownica zaworu M;0,221;0,2;30;2;ABS;Silver;91;21,6
JOB-0293;Lejek drukarki L;0,303;0,3;35;3;PLA;Red;232,4;113,8
JOB-0294;Lejek ramienia M;0,204;0,16;30;2;PLA;Yellow;193,2;51,1
JOB-0295;Pokrywa kamery S;0,196;0,16;35;3;PETG;Gray;30,7;3,8
JOB-0296;Adapter szyny S;0,237;0,2;30;2;ABS;Red;51,1;8,9
JOB-0297;Uchwyt przewodu M;0,134;0,12;30;3;PLA;Silver;89,1;21,5
JOB-0298;Lejek kamery L;0,21;0,16;50;2;PLA;Red;664,1;182,7
JOB-0299;Korpus przewodu M;0,21;0,16;15;2;ABS;Gray;68;11,8
JOB-0300;Obejma zaworu S;0,217;0,16;50;2;ABS;Yellow;29,3;3,1
JOB-0301;Korpus kabla M;0,18;0,16;20;3;PLA;Black;109,8;21,9
JOB-0302;Stojak zaworu M;0,408;0,3;25;2;PLA;Blue;48,1;26,3
JOB-0303;Uchwyt gniazda XL;0,138;0,12;20;2;PLA;Yellow;518,9;128,7
JOB-0304;Dystans elementu M;0,153;0,12;30;3;TPU;Blue;134,4;15,2
JOB-0305;Kołnierz grzałki S;0,152;0,12;30;2;PETG;Transparent;70,9;9,7
JOB-0306;Zawias rolki M;0,216;0,2;40;2;ABS;Gray;191,9;37,4
JOB-0307;Obudowa wentylatora S;0,175;0,16;25;2;Nylon;Red;43,5;6,6
JOB-0308;Ramka drukarki S;0,327;0,26;15;3;TPU;Silver;35,3;5,4
JOB-0309;Uchwyt czujnika S;0,311;0,3;20;2;PLA;Black;22,8;4,1
JOB-0310;Stopka gniazda XL;0,279;0,26;40;2;TPU;Gray;1130,9;207
JOB-0311;Pokrywa silnika M;0,164;0,16;30;3;PC;Blue;223,8;32,2
JOB-0312;Zaczep szyny M;0,27;0,2;25;2;PETG;Silver;111,5;33,2
JOB-0313;Wspornik uchwytu S;0,157;0,12;25;3;TPU;White;80,6;8,5
JOB-0314;Stopka przewodu M;0,381;0,3;30;2;PLA;Green;74,3;29,5
JOB-0315;Korpus szyny S;0,323;0,24;30;3;Nylon;Transparent;48,7;11,9
JOB-0316;Wspornik elementu S;0,283;0,24;15;4;PLA;Green;30,9;7,1
JOB-0317;Korpus grzałki M;0,146;0,12;15;2;PLA;Orange;128,3;25,6
JOB-0318;Ramka kamery M;0,218;0,2;25;3;PC;Blue;143,7;30,3
JOB-0319;Maskownica drzwi S;0,136;0,12;30;3;PETG;Silver;51,5;7,6
JOB-0320;Adapter gniazda S;0,324;0,3;20;2;PETG;White;31,9;7,9
JOB-0321;Wspornik włącznika M;0,354;0,3;15;3;PLA;Red;72,4;35,5
JOB-0322;Pokrywa uchwytu M;0,383;0,28;30;2;PLA;Orange;68,5;29,5
JOB-0323;Prowadnica rolki M;0,306;0,24;30;2;PLA;Gray;70,8;25,2
JOB-0324;Klamra kamery S;0,401;0,3;25;4;PETG;Green;30,7;6,8
JOB-0325;Pokrywa włącznika M;0,257;0,2;20;3;ASA;Transparent;69;17,1
JOB-0326;Klamra drukarki M;0,407;0,3;30;3;PETG;Green;87,9;38,2
JOB-0327;Maskownica rolki S;0,342;0,26;25;3;TPU;Yellow;36,3;3,4
JOB-0328;Prowadnica drzwi L;0,311;0,24;20;3;PLA;Black;144,7;45,2
JOB-0329;Przelotka drzwi S;0,334;0,24;35;3;PETG;Transparent;47,8;11
JOB-0330;Wspornik drzwi L;0,201;0,16;35;2;PLA;Blue;247,1;94,7
JOB-0331;Adapter gniazda S;0,388;0,3;50;3;ASA;Red;34,8;5,1
JOB-0332;Przelotka grzałki M;0,203;0,2;15;3;PLA;Blue;59;16,6
JOB-0333;Pokrywa włącznika L;0,131;0,12;20;3;PLA;Silver;291,7;78,8
JOB-0334;Osłona włącznika M;0,179;0,16;25;2;PLA;Transparent;81;23,4
JOB-0335;Prowadnica kabla S;0,328;0,24;50;3;PETG;Transparent;60,6;14,2
JOB-0336;Stojak włącznika S;0,399;0,3;35;2;ABS;Green;28,6;4,5
JOB-0337;Klamra drzwi M;0,166;0,12;20;2;Nylon;Orange;106,3;18,3
JOB-0338;Dystans wentylatora S;0,162;0,12;30;2;PLA;White;64,4;9,5
JOB-0339;Prowadnica rolki S;0,197;0,16;30;2;ASA;Gray;25,4;2,5
JOB-0340;Wspornik kabla S;0,287;0,28;25;3;PETG;Orange;44,2;9,1
JOB-0341;Stopka czujnika S;0,329;0,28;25;2;ASA;White;39,5;7,2
JOB-0342;Stojak czujnika L;0,254;0,2;30;2;PETG;Transparent;311;119,6
JOB-0343;Stojak zaworu M;0,364;0,28;10;2;PETG;Transparent;43,3;16,2
JOB-0344;Klamra elementu M;0,161;0,12;20;2;PETG;Transparent;126,2;18,1
JOB-0345;Prowadnica silnika S;0,304;0,24;15;2;ABS;White;28,9;5,6
JOB-0346;Przelotka podajnika M;0,245;0,2;20;4;PLA;White;91,4;32,9
JOB-0347;Ramka elementu M;0,27;0,2;20;2;PLA;Green;91,3;23,2
JOB-0348;Kołnierz wentylatora M;0,243;0,2;15;2;PETG;Blue;43,2;11
JOB-0349;Klamra szyny L;0,309;0,28;30;3;ASA;Black;286;85,9
JOB-0350;Stojak włącznika L;0,207;0,2;20;2;ABS;Gray;343,6;70,8
JOB-0351;Wspornik przewodu M;0,343;0,28;35;3;PLA;Red;70,2;22,4
JOB-0352;Stojak gniazda L;0,217;0,2;10;4;ASA;Orange;177,6;39,9
JOB-0353;Wspornik drzwi M;0,363;0,28;10;3;PETG;Orange;38,5;10,7
JOB-0354;Stopka ramienia M;0,305;0,28;20;3;PETG;Yellow;114,7;38,7
JOB-0355;Kołnierz zaworu M;0,193;0,16;25;2;Nylon;Green;145,8;26,6
JOB-0356;Zawias uchwytu S;0,238;0,2;30;2;PLA;Gray;25,5;4,6
JOB-0357;Pokrywa rolki M;0,318;0,3;10;2;PLA;Yellow;32,2;10,8
JOB-0358;Zawias elementu M;0,359;0,26;25;4;TPU;Transparent;64,6;13,3
JOB-0359;Kołnierz przekaźnika L;0,354;0,28;20;3;ABS;Orange;174,7;68,8
JOB-0360;Obejma podajnika S;0,215;0,16;25;4;ASA;Green;50,1;5,3
JOB-0361;Zaczep grzałki M;0,286;0,24;25;2;Nylon;Silver;52,6;11,9
JOB-0362;Lejek gniazda M;0,234;0,2;30;3;PETG;Black;109;35,7
JOB-0363;Zawias czujnika M;0,14;0,12;15;2;PETG;Silver;101,6;15
JOB-0364;Dystans uchwytu S;0,313;0,3;15;3;ASA;Black;28,8;5,7
JOB-0365;Stojak drzwi S;0,191;0,16;20;2;PLA;Transparent;39,3;7,4
JOB-0366;Ramka przekaźnika L;0,208;0,16;25;4;PETG;Blue;292,7;84,6
JOB-0367;Korpus przewodu M;0,376;0,3;20;2;PLA;Transparent;88,5;31
JOB-0368;Obejma drukarki S;0,139;0,12;15;2;PETG;Silver;24,2;2,1
JOB-0369;Maskownica zaworu S;0,159;0,12;30;2;ASA;Silver;61,7;6,3
JOB-0370;Kołnierz gniazda M;0,213;0,2;30;2;PLA;Silver;132,4;38,8
JOB-0371;Wspornik ramienia S;0,147;0,12;20;2;PETG;Yellow;53,6;7,7
JOB-0372;Korpus włącznika M;0,125;0,12;50;2;PLA;Blue;217,5;40,7
JOB-0373;Lejek płyty L;0,322;0,28;40;3;PLA;White;328;145,3
JOB-0374;Prowadnica kamery L;0,28;0,2;40;3;ASA;Orange;477,2;95,5
JOB-0375;Klamra przekaźnika L;0,136;0,12;10;2;PETG;Green;234,9;40,8
JOB-0376;Kołnierz zaworu S;0,207;0,16;25;2;PETG;Green;50,7;9,2
JOB-0377;Klamra kabla L;0,149;0,12;20;3;PLA;Red;206;50,9
JOB-0378;Kołnierz gniazda XL;0,273;0,2;25;3;Nylon;Green;962,5;248,1
JOB-0379;Pokrywa elementu M;0,153;0,12;25;2;PLA;Silver;196,2;43,7
JOB-0380;Pokrywa drzwi S;0,377;0,28;30;2;PC;Transparent;32,5;4,6
JOB-0381;Stopka rolki S;0,183;0,16;30;2;PLA;Blue;40,1;7,5
JOB-0382;Zawias przewodu S;0,269;0,2;25;2;PETG;Silver;23;2,9
JOB-0383;Maskownica rolki M;0,342;0,26;10;2;Nylon;Gray;41,7;9,4
JOB-0384;Przelotka rolki S;0,236;0,2;15;2;PETG;Silver;24,3;3,1
JOB-0385;Wspornik drzwi S;0,216;0,2;35;3;PETG;Transparent;37,9;7,8
JOB-0386;Zaczep przekaźnika M;0,15;0,12;30;2;PLA;Blue;201,1;41,2
JOB-0387;Maskownica rolki M;0,135;0,12;30;2;ABS;Green;319,9;40,1
JOB-0388;Obudowa przewodu L;0,299;0,28;25;2;ABS;Yellow;172,3;59,3
JOB-0389;Uchwyt czujnika S;0,143;0,12;30;4;ASA;Blue;48,7;3,7
JOB-0390;Maskownica elementu S;0,328;0,3;15;3;ASA;Transparent;21,5;2,4
JOB-0391;Kołnierz drzwi S;0,27;0,2;20;2;ABS;Gray;27,3;3,9
JOB-0392;Stojak szyny M;0,34;0,28;25;2;PETG;Transparent;92,6;34,1
JOB-0393;Maskownica szyny S;0,127;0,12;20;2;PETG;White;36,8;4,3
JOB-0394;Zawias podajnika S;0,244;0,2;25;4;PETG;Orange;39,6;7
JOB-0395;Obejma grzałki M;0,3;0,24;20;2;TPU;Yellow;126,1;21,3
JOB-0396;Osłona elementu L;0,151;0,12;30;2;Nylon;Blue;614,2;77,1
JOB-0397;Ramka czujnika S;0,133;0,12;20;2;PLA;Silver;66,4;9,8
JOB-0398;Przelotka wentylatora M;0,316;0,24;20;2;PLA;Gray;67,5;33,7
JOB-0399;Obudowa silnika S;0,184;0,16;30;2;Nylon;Gray;41;6,6
JOB-0400;Zawias szyny S;0,193;0,16;50;2;PC;Red;110,2;19,2
JOB-0401;Zawias ramienia M;0,352;0,28;20;4;PETG;Blue;101,8;38,2
JOB-0402;Uchwyt uchwytu M;0,219;0,2;20;4;TPU;Red;75,8;11,8
JOB-0403;Uchwyt kabla L;0,329;0,24;20;3;Nylon;Orange;245,4;55
JOB-0404;Ramka zaworu S;0,37;0,28;35;3;PETG;Gray;28,3;5,5
JOB-0405;Wspornik przekaźnika L;0,287;0,24;15;2;PLA;Yellow;134,1;59,8
JOB-0406;Kołnierz drzwi L;0,33;0,28;20;3;PETG;Green;296,9;104,8
JOB-0407;Korpus drzwi M;0,307;0,28;25;3;PETG;Black;101,3;45,5
JOB-0408;Korpus kabla M;0,208;0,2;25;2;Nylon;Red;135,8;30,1
JOB-0409;Obejma grzałki S;0,152;0,12;10;2;Nylon;Gray;27,8;2,2
JOB-0410;Ramka kabla M;0,213;0,16;20;2;ASA;Blue;52,9;8,8
JOB-0411;Zawias włącznika S;0,314;0,28;35;3;PETG;Yellow;47,9;10,4
JOB-0412;Adapter uchwytu M;0,367;0,3;20;2;PLA;Red;37,4;17,5
JOB-0413;Osłona elementu S;0,298;0,28;25;3;PETG;Orange;41,1;10,3
JOB-0414;Wspornik drzwi L;0,373;0,3;50;3;PC;Green;363,8;130
JOB-0415;Obudowa włącznika XL;0,267;0,24;20;4;PLA;Transparent;591,8;184,1
JOB-0416;Wspornik uchwytu S;0,361;0,3;50;2;PLA;Blue;27,3;7,9
JOB-0417;Stopka uchwytu S;0,166;0,16;20;2;PLA;Black;49,5;9,1
JOB-0418;Maskownica kabla S;0,27;0,26;35;3;TPU;White;60,9;12,5
JOB-0419;Prowadnica grzałki L;0,323;0,24;35;2;ASA;Silver;250;72,4
JOB-0420;Stopka elementu S;0,204;0,2;25;2;TPU;Yellow;51,5;7,1
JOB-0421;Klamra gniazda S;0,208;0,16;20;2;ASA;Silver;36,4;4,2
JOB-0422;Klamra grzałki S;0,344;0,28;30;2;PLA;Yellow;23,5;3,6
JOB-0423;Stojak zaworu L;0,327;0,28;15;2;PC;Transparent;216;53,9
JOB-0424;Prowadnica zaworu S;0,329;0,24;30;3;PLA;Silver;29,4;6,2
JOB-0425;Obudowa kamery S;0,372;0,28;35;3;ABS;Gray;23,6;2,7
JOB-0426;Lejek grzałki S;0,177;0,16;25;2;ABS;White;57;7,5
JOB-0427;Osłona rolki S;0,312;0,28;30;3;ASA;Gray;54,5;10,6
JOB-0428;Stopka płyty M;0,269;0,2;30;2;PLA;Black;111,6;48
JOB-0429;Klamra czujnika S;0,388;0,28;15;4;PC;Transparent;54,1;9,4
JOB-0430;Obejma rolki M;0,328;0,3;25;2;PLA;Transparent;37,5;12,1
JOB-0431;Stopka przewodu L;0,273;0,24;40;3;Nylon;Blue;176,4;63,4
JOB-0432;Osłona kamery L;0,333;0,24;30;2;PLA;Yellow;276,9;104,2
JOB-0433;Zaczep podajnika M;0,194;0,16;15;2;PETG;Gray;143,2;30,1
JOB-0434;Zaczep czujnika S;0,316;0,28;25;3;PC;Gray;23,2;2,9
JOB-0435;Adapter przewodu M;0,393;0,3;20;4;ASA;Yellow;87,2;33,8
JOB-0436;Lejek przewodu M;0,204;0,16;30;3;PLA;Silver;122,2;37,9
JOB-0437;Obudowa rolki S;0,243;0,24;30;2;PETG;Silver;35,8;6,4
JOB-0438;Ramka płyty L;0,271;0,24;50;3;PC;Red;243,1;88,3
JOB-0439;Uchwyt włącznika M;0,377;0,3;35;3;PETG;Black;83,7;33,5
JOB-0440;Uchwyt zaworu XL;0,277;0,24;10;3;PLA;Orange;228,7;135,3
JOB-0441;Zaczep elementu S;0,241;0,2;30;3;PLA;Yellow;27,1;4,1
JOB-0442;Obudowa przekaźnika S;0,294;0,26;25;2;Nylon;Orange;35;6,9
JOB-0443;Adapter elementu S;0,315;0,3;15;3;PETG;Red;28,8;6,8
JOB-0444;Przelotka uchwytu L;0,209;0,16;20;2;ABS;White;313,1;59,6
JOB-0445;Pokrywa silnika L;0,236;0,2;15;2;TPU;Gray;227,2;36,4
JOB-0446;Prowadnica zaworu S;0,325;0,24;30;2;TPU;Red;45,6;7,3
JOB-0447;Zawias kabla M;0,372;0,28;25;2;PETG;Orange;44,9;11,9
JOB-0448;Dystans przekaźnika L;0,285;0,28;10;3;PLA;Black;147,9;64
JOB-0449;Uchwyt wentylatora M;0,183;0,16;30;3;PLA;Blue;125,8;45,6
JOB-0450;Kołnierz kamery S;0,294;0,28;20;2;ASA;Green;30,3;4,4
JOB-0451;Osłona drukarki S;0,387;0,3;20;2;PETG;Transparent;28,3;6,6
JOB-0452;Lejek przekaźnika M;0,351;0,28;25;2;PETG;Green;109,3;44,3
JOB-0453;Osłona podajnika S;0,282;0,26;50;3;TPU;Red;29,9;3,5
JOB-0454;Obejma drzwi S;0,337;0,3;35;2;PETG;Green;39,4;10,2
JOB-0455;Lejek szyny S;0,16;0,12;20;2;PLA;Black;36,9;6,4
JOB-0456;Uchwyt włącznika L;0,274;0,2;30;2;Nylon;Gray;348,5;86
JOB-0457;Przelotka gniazda M;0,267;0,2;10;3;PLA;Green;72,4;16
JOB-0458;Dystans wentylatora M;0,203;0,2;20;3;ABS;Gray;127;32,5
JOB-0459;Korpus elementu S;0,21;0,16;35;2;PETG;Red;58,2;8,8
JOB-0460;Adapter włącznika S;0,366;0,28;20;4;PETG;Orange;35,4;6,7
JOB-0461;Osłona wentylatora S;0,153;0,12;10;2;ABS;Gray;60,1;5,4
JOB-0462;Maskownica rolki M;0,216;0,2;30;2;PLA;Black;46,7;13,7
JOB-0463;Klamra kamery S;0,341;0,28;20;3;PETG;Orange;23,2;2,9
JOB-0464;Uchwyt silnika S;0,333;0,28;20;3;PLA;Blue;35,1;9,8
JOB-0465;Zawias drzwi M;0,337;0,3;20;2;PETG;White;67,9;28,6
JOB-0466;Ramka szyny L;0,154;0,12;15;3;PLA;Orange;345,7;76,9
JOB-0467;Przelotka elementu S;0,21;0,16;40;2;PLA;Red;36,1;7,3
JOB-0468;Adapter kamery M;0,208;0,2;20;2;PETG;White;60,3;15,6
JOB-0469;Korpus kamery M;0,334;0,28;25;3;PETG;White;88,1;28
JOB-0470;Wspornik szyny M;0,309;0,3;50;2;PLA;Silver;91,6;37,3
JOB-0471;Stopka kamery L;0,318;0,24;25;2;PLA;Silver;183,5;57,8
JOB-0472;Ramka drzwi L;0,379;0,3;35;2;PETG;Black;257,3;137,3
JOB-0473;Dystans ramienia M;0,383;0,28;20;3;PLA;Silver;48,3;21
JOB-0474;Obudowa drzwi M;0,277;0,2;50;2;PC;Silver;159,7;26,7
JOB-0475;Stopka podajnika S;0,277;0,24;20;2;Nylon;Green;31,5;4,9
JOB-0476;Zaczep czujnika S;0,304;0,24;20;2;PETG;Gray;45,1;9,6
JOB-0477;Ramka grzałki M;0,187;0,16;40;2;PLA;Black;279,9;61,3
JOB-0478;Lejek płyty M;0,201;0,2;25;2;PC;Silver;146,3;28,2
JOB-0479;Korpus przewodu S;0,345;0,28;25;2;ASA;Blue;40,7;9,5
JOB-0480;Korpus drzwi L;0,132;0,12;50;4;ASA;Transparent;720;114,4
JOB-0481;Dystans ramienia M;0,31;0,24;40;3;Nylon;Blue;67,1;15,7
JOB-0482;Wspornik przekaźnika L;0,376;0,3;10;2;PC;Blue;152;64,6
JOB-0483;Osłona rolki S;0,308;0,28;30;3;PETG;Blue;26,7;3,3
JOB-0484;Prowadnica szyny S;0,171;0,16;15;2;PLA;Blue;30,8;5,7
JOB-0485;Stopka płyty S;0,186;0,16;20;3;PLA;Transparent;24,9;3,1
JOB-0486;Lejek drzwi S;0,143;0,12;30;2;ABS;Gray;77,2;7,6
JOB-0487;Uchwyt silnika L;0,291;0,24;15;2;PLA;Yellow;94;35,2
JOB-0488;Wspornik gniazda L;0,22;0,2;25;4;TPU;Green;714,5;115,4
JOB-0489;Obudowa wentylatora S;0,301;0,3;25;3;PETG;Red;26,3;5,6
JOB-0490;Osłona zaworu S;0,207;0,2;30;2;PLA;White;46,5;9,9
JOB-0491;Pokrywa silnika L;0,396;0,3;15;3;PC;White;118,1;47,1
JOB-0492;Przelotka rolki S;0,253;0,2;30;2;ABS;Blue;34,7;5,9
JOB-0493;Lejek zaworu S;0,235;0,2;15;2;PLA;White;31,2;8,6
JOB-0494;Adapter kabla M;0,36;0,28;15;3;ABS;Gray;61,7;18,1
JOB-0495;Kołnierz przewodu S;0,38;0,3;30;3;PLA;Silver;29,5;7,9
JOB-0496;Korpus drzwi L;0,318;0,24;25;3;ASA;Yellow;250,7;71,6
JOB-0497;Korpus ramienia M;0,204;0,2;35;4;PLA;Yellow;138,6;42,5
JOB-0498;Maskownica gniazda L;0,202;0,16;25;2;PETG;Green;359,9;92,4
JOB-0499;Lejek gniazda M;0,148;0,12;40;2;TPU;Green;271,6;23,9
JOB-0500;Uchwyt gniazda XL;0,158;0,12;25;3;PLA;Transparent;1539,5;253,7
JOB-0501;Lejek czujnika L;0,362;0,28;30;2;PLA;Transparent;151,3;62,8
JOB-0502;Osłona przekaźnika S;0,125;0,12;30;2;PETG;Silver;32,7;4,1
JOB-0503;Stopka kamery M;0,182;0,16;15;3;Nylon;White;205,4;29,6
JOB-0504;Zaczep podajnika XL;0,126;0,12;20;2;PLA;Silver;518,9;129
JOB-0505;Pokrywa czujnika L;0,138;0,12;25;3;PLA;Green;196,9;51,7
JOB-0506;Zaczep zaworu S;0,262;0,2;20;2;TPU;White;52,6;7
JOB-0507;Korpus drukarki L;0,149;0,12;25;2;PLA;Blue;357;87,7
JOB-0508;Prowadnica elementu XL;0,34;0,28;20;3;PLA;Black;503,4;248,4
JOB-0509;Uchwyt ramienia L;0,329;0,24;20;2;ASA;Red;228,7;69
JOB-0510;Obudowa szyny L;0,128;0,12;30;2;PLA;Yellow;323,8;86,2
JOB-0511;Adapter kamery M;0,175;0,16;30;3;PETG;White;110,9;27,5
JOB-0512;Zawias grzałki S;0,282;0,24;35;3;PLA;Red;28,1;5,2
JOB-0513;Uchwyt rolki S;0,255;0,2;25;2;PETG;Yellow;35,1;5,5
JOB-0514;Pokrywa uchwytu S;0,387;0,28;20;2;PLA;Orange;36;9,1
JOB-0515;Dystans płyty M;0,282;0,28;35;2;PC;Red;180;59,5
JOB-0516;Lejek włącznika M;0,285;0,28;40;3;PLA;Yellow;51,3;23,7
JOB-0517;Dystans zaworu M;0,241;0,24;35;2;PLA;Transparent;61,9;18,4
JOB-0518;Obudowa elementu S;0,208;0,16;50;2;PLA;Blue;53;13,3
JOB-0519;Stopka kamery L;0,3;0,24;25;3;PETG;Gray;196,6;77,6
JOB-0520;Uchwyt włącznika L;0,216;0,16;20;2;PETG;Blue;263,7;74,6
JOB-0521;Klamra zaworu S;0,256;0,2;15;3;PC;Green;44,8;6,7
JOB-0522;Prowadnica kamery M;0,364;0,28;15;2;PLA;Green;61,8;33
JOB-0523;Klamra drzwi S;0,252;0,24;25;2;PETG;Blue;29,7;5,6
JOB-0524;Stopka przekaźnika L;0,124;0,12;35;3;TPU;Orange;1405,9;129,3
JOB-0525;Klamra przewodu M;0,179;0,16;20;2;PLA;White;91,7;25
JOB-0526;Wspornik kamery S;0,181;0,16;30;2;PETG;Yellow;24,9;2,9
JOB-0527;Pokrywa rolki M;0,316;0,24;30;2;ABS;Green;114,7;28,5
JOB-0528;Klamra drukarki S;0,255;0,24;30;4;PLA;Green;30;6,6
JOB-0529;Ramka rolki M;0,197;0,16;30;3;PLA;Gray;100,4;19,8
JOB-0530;Adapter czujnika S;0,243;0,2;10;3;PETG;Red;28,2;3,7
JOB-0531;Maskownica szyny L;0,378;0,3;40;3;PETG;Orange;183,3;82,8
JOB-0532;Zaczep drzwi M;0,272;0,2;35;3;TPU;Silver;267,1;55
JOB-0533;Kołnierz zaworu M;0,145;0,12;35;2;PLA;Black;86,1;18,2
JOB-0534;Uchwyt ramienia XL;0,298;0,24;30;3;PLA;Transparent;831,4;312,4
JOB-0535;Ramka podajnika S;0,31;0,24;20;2;PETG;Yellow;25,1;4,7
JOB-0536;Zawias drukarki L;0,248;0,24;30;2;Nylon;Blue;414,8;99,6
JOB-0537;Pokrywa drzwi XL;0,133;0,12;15;4;PETG;Transparent;1459,6;208,5
JOB-0538;Wspornik drukarki S;0,314;0,28;15;3;PETG;Silver;27;4,7
JOB-0539;Maskownica podajnika S;0,378;0,3;35;2;PETG;Orange;26,3;6,1
JOB-0540;Kołnierz szyny M;0,343;0,28;30;2;PLA;Red;92,2;50,2
JOB-0541;Zaczep ramienia S;0,378;0,28;30;2;PC;White;35,3;5,2
JOB-0542;Pokrywa silnika XL;0,241;0,2;30;2;PLA;Blue;349,1;136,7
JOB-0543;Klamra uchwytu L;0,229;0,2;35;2;PETG;Gray;428,2;118,2
JOB-0544;Obejma płyty S;0,217;0,2;25;2;PETG;Gray;32,1;6,7
JOB-0545;Korpus silnika M;0,28;0,24;35;3;Nylon;Transparent;119,5;36,1
JOB-0546;Maskownica czujnika S;0,257;0,24;20;2;Nylon;Black;39,6;7,9
JOB-0547;Adapter wentylatora S;0,187;0,16;35;2;ASA;White;39,2;4,3
JOB-0548;Uchwyt wentylatora S;0,382;0,28;10;3;PLA;Orange;27,6;6,6
JOB-0549;Kołnierz uchwytu L;0,166;0,16;35;3;PLA;Black;326,4;78,3
JOB-0550;Zawias zaworu M;0,121;0,12;35;3;PLA;Gray;230,9;37,7
JOB-0551;Wspornik przekaźnika XL;0,19;0,16;25;4;PC;Gray;588;153,4
JOB-0552;Ramka silnika S;0,18;0,16;20;2;PETG;White;29,3;3,6
JOB-0553;Maskownica elementu M;0,237;0,2;30;3;PETG;Orange;65,5;15,6
JOB-0554;Lejek silnika S;0,241;0,24;35;2;PLA;Yellow;20,9;3,2
JOB-0555;Pokrywa wentylatora S;0,38;0,28;15;3;PETG;Transparent;25,2;4,8
JOB-0556;Wspornik uchwytu XL;0,308;0,24;25;2;PETG;Red;327,1;136,3
JOB-0557;Kołnierz szyny XL;0,292;0,28;30;2;PLA;Yellow;635,5;297,3
JOB-0558;Zaczep drukarki L;0,153;0,12;30;2;PETG;Gray;392;91,9
JOB-0559;Kołnierz drzwi M;0,287;0,24;30;3;ABS;White;122;28,2
JOB-0560;Ramka kabla S;0,138;0,12;40;2;PLA;Transparent;52,9;8,2
JOB-0561;Adapter uchwytu L;0,287;0,24;30;3;PLA;Transparent;203,1;67,7
JOB-0562;Stopka grzałki M;0,346;0,28;25;3;ABS;Transparent;144,5;36,4
JOB-0563;Przelotka gniazda S;0,261;0,2;10;2;ABS;Blue;31,4;5,3
JOB-0564;Korpus drukarki S;0,218;0,16;25;4;PLA;Green;32,8;4,8
JOB-0565;Lejek uchwytu M;0,282;0,28;20;2;PLA;Gray;78,5;36,1
JOB-0566;Przelotka przekaźnika M;0,144;0,12;20;2;PLA;Green;141,6;34,4
JOB-0567;Uchwyt drukarki M;0,134;0,12;20;4;ABS;Green;220;37,9
JOB-0568;Obejma szyny XL;0,288;0,28;30;3;PC;Yellow;1053,2;278,6
JOB-0569;Kołnierz grzałki S;0,28;0,24;30;3;PETG;Green;44,9;11,6
JOB-0570;Ramka rolki M;0,372;0,28;10;2;PETG;Transparent;73;26,7
JOB-0571;Zaczep płyty L;0,344;0,3;35;3;PC;Transparent;369,9;150,8
JOB-0572;Pokrywa rolki L;0,399;0,3;25;3;PLA;Blue;255,8;115,3
JOB-0573;Uchwyt zaworu S;0,235;0,2;15;2;ABS;Red;25;2,7
JOB-0574;Obudowa kabla S;0,358;0,3;35;2;PLA;Gray;27,7;8,9
JOB-0575;Zaczep płyty S;0,232;0,2;20;2;TPU;White;58,2;9,4
JOB-0576;Adapter kamery L;0,307;0,28;25;4;PLA;Transparent;286,3;125,4
JOB-0577;Ramka podajnika M;0,222;0,16;35;3;PLA;Silver;250,2;57
JOB-0578;Zaczep ramienia M;0,388;0,28;25;2;PLA;Silver;43,9;15,3
JOB-0579;Prowadnica rolki XL;0,383;0,3;10;3;PETG;Green;295,7;148,1
JOB-0580;Stopka rolki L;0,324;0,28;30;3;PETG;Blue;224,8;112,8
JOB-0581;Uchwyt rolki S;0,233;0,2;35;2;PLA;Red;30,8;7,6
JOB-0582;Stojak podajnika L;0,144;0,12;25;2;TPU;Orange;663,2;92,7
JOB-0583;Obudowa gniazda S;0,377;0,3;25;3;ABS;Transparent;23,7;2,1
JOB-0584;Przelotka elementu S;0,382;0,3;15;2;PLA;Blue;22;5,2
JOB-0585;Stopka uchwytu L;0,185;0,16;30;2;PETG;Gray;583,4;115,6
JOB-0586;Stopka grzałki M;0,256;0,24;30;4;PLA;Black;157,9;53,3
JOB-0587;Ramka szyny S;0,164;0,12;40;2;PETG;Blue;62,9;10,2
JOB-0588;Zawias drukarki L;0,26;0,24;35;2;PLA;Red;199,2;81,5
JOB-0589;Wspornik elementu S;0,22;0,2;25;2;ASA;Red;32,3;4
JOB-0590;Korpus silnika M;0,372;0,3;20;2;PLA;Orange;70,3;30,7
JOB-0591;Uchwyt czujnika L;0,39;0,3;20;2;PETG;Black;183,6;102,7
JOB-0592;Lejek kamery M;0,299;0,28;50;2;PLA;Silver;82,4;25,7
JOB-0593;Kołnierz ramienia M;0,27;0,2;30;2;TPU;Gray;179;22,3
JOB-0594;Lejek przewodu L;0,27;0,24;20;4;TPU;Blue;541,5;107,6
JOB-0595;Lejek kabla S;0,209;0,2;15;2;PETG;Orange;21,2;1,7
JOB-0596;Pokrywa włącznika L;0,134;0,12;25;2;PETG;Transparent;614,2;107,8
JOB-0597;Prowadnica szyny M;0,328;0,24;25;3;Nylon;Silver;138;44,2
JOB-0598;Obudowa wentylatora M;0,316;0,28;30;2;ABS;Green;66,8;23,5
JOB-0599;Wspornik przewodu M;0,136;0,12;40;2;PETG;Orange;93;16,3
JOB-0600;Pokrywa płyty L;0,325;0,28;20;3;PLA;Black;141,7;91,3
JOB-0601;Maskownica szyny S;0,212;0,2;35;2;PC;Yellow;57,9;12,2
JOB-0602;Lejek rolki S;0,271;0,2;30;4;Nylon;Blue;31,8;3,3
JOB-0603;Ramka płyty S;0,341;0,3;25;2;PETG;Yellow;23,3;3,8
JOB-0604;Zaczep przewodu M;0,286;0,24;25;4;ABS;Gray;63,1;13,6
JOB-0605;Dystans silnika S;0,145;0,12;25;3;ABS;Blue;28,1;2,1
JOB-0606;Pokrywa gniazda M;0,129;0,12;20;3;PETG;Silver;251,5;36,5
JOB-0607;Pokrywa zaworu M;0,341;0,3;20;3;PLA;Yellow;60,8;25,5
JOB-0608;Stopka grzałki M;0,286;0,24;30;2;PLA;Silver;53,2;13,5
JOB-0609;Zaczep czujnika S;0,311;0,3;50;3;ASA;Blue;45,3;11,8
JOB-0610;Klamra zaworu S;0,2;0,16;20;3;PLA;Black;34,3;6,1
JOB-0611;Ramka uchwytu S;0,357;0,3;25;2;PLA;Orange;30,6;10,5
JOB-0612;Lejek uchwytu S;0,35;0,3;35;3;PLA;Blue;21,2;2,6
JOB-0613;Lejek płyty S;0,398;0,3;10;4;PETG;Transparent;28,8;5,3
JOB-0614;Stojak elementu M;0,359;0,3;25;2;ASA;Transparent;60,5;17,5
JOB-0615;Osłona elementu M;0,318;0,28;30;2;ABS;Black;93,7;24,9
JOB-0616;Pokrywa grzałki M;0,396;0,3;20;3;PLA;Blue;76,2;41,2
JOB-0617;Prowadnica zaworu S;0,144;0,12;15;3;PLA;White;38,6;6,3
JOB-0618;Osłona płyty M;0,328;0,28;20;2;PETG;Black;60,6;15,7
JOB-0619;Obejma grzałki L;0,357;0,28;50;2;PLA;Red;350,3;158,7
JOB-0620;Adapter drzwi M;0,149;0,12;25;4;ABS;Black;210,3;38,2
JOB-0621;Adapter przewodu S;0,361;0,3;15;2;PLA;White;22,5;4
JOB-0622;Obejma przekaźnika S;0,136;0,12;15;3;ABS;Green;72,2;7,7
JOB-0623;Dystans podajnika M;0,37;0,28;25;3;PLA;Green;56,9;21,2
JOB-0624;Przelotka kamery S;0,123;0,12;20;3;TPU;Transparent;39,5;3
JOB-0625;Obejma drukarki S;0,2;0,16;20;2;PETG;Gray;45,5;9,6
JOB-0626;Stopka elementu S;0,212;0,2;30;3;PETG;Transparent;33,5;6,3
JOB-0627;Uchwyt drzwi M;0,336;0,3;30;3;ABS;Transparent;78,5;23,2
JOB-0628;Obudowa drzwi S;0,213;0,2;25;2;PLA;Gray;31,9;6,8
JOB-0629;Stojak silnika M;0,375;0,3;20;3;PETG;Red;91;27,8
JOB-0630;Klamra grzałki S;0,196;0,16;25;2;PLA;White;28,5;5,1
JOB-0631;Obejma uchwytu M;0,313;0,3;35;2;PLA;Blue;93,3;42,9
JOB-0632;Ramka wentylatora M;0,143;0,12;15;2;PLA;Green;128,1;19,3
JOB-0633;Lejek podajnika L;0,329;0,28;25;2;PETG;Transparent;252,6;108,2
JOB-0634;Lejek kabla M;0,26;0,24;25;2;Nylon;Gray;123;41,4
JOB-0635;Adapter ramienia M;0,145;0,12;40;2;ASA;Transparent;211,7;29,4
JOB-0636;Maskownica zaworu L;0,314;0,28;25;2;PLA;Green;119,4;55,5
JOB-0637;Stopka szyny S;0,326;0,24;25;2;PLA;Orange;19,9;2,3
JOB-0638;Osłona grzałki M;0,294;0,26;15;2;Nylon;Silver;93,9;26,4
JOB-0639;Obudowa uchwytu S;0,323;0,24;20;4;PETG;Red;38,5;8,6
JOB-0640;Obejma zaworu M;0,387;0,28;15;3;ABS;Blue;49,3;12,4
JOB-0641;Wspornik elementu L;0,16;0,12;15;3;ASA;Transparent;300,3;40,4
JOB-0642;Obejma kamery S;0,121;0,12;25;3;PLA;Transparent;67,3;10,8
JOB-0643;Pokrywa kabla S;0,276;0,2;15;2;PETG;White;21,6;2,5
JOB-0644;Adapter kabla S;0,184;0,16;30;2;ABS;Green;28,7;2,7
JOB-0645;Korpus szyny L;0,147;0,12;25;3;PLA;Silver;394,1;76,9
JOB-0646;Maskownica uchwytu M;0,158;0,12;10;4;PLA;Red;138,9;24,1
JOB-0647;Dystans drzwi L;0,34;0,28;25;3;PETG;White;123;60,6
JOB-0648;Osłona rolki M;0,191;0,16;50;3;PETG;Black;320,8;58,1
JOB-0649;Maskownica wentylatora S;0,245;0,2;35;4;Nylon;Yellow;85,1;12,6
JOB-0650;Przelotka rolki XL;0,18;0,16;30;3;PETG;White;1112,4;301,9
JOB-0651;Obudowa grzałki S;0,295;0,28;30;2;PC;Orange;29,6;4,6
JOB-0652;Korpus drzwi L;0,302;0,24;25;3;PETG;Black;274,5;102,6
JOB-0653;Obudowa silnika L;0,265;0,2;20;3;PLA;Orange;277,4;96,7
JOB-0654;Maskownica płyty S;0,374;0,3;20;2;PETG;Red;24,1;4,1
JOB-0655;Stopka silnika M;0,372;0,28;10;4;PLA;Orange;78,5;27,2
JOB-0656;Zaczep wentylatora S;0,267;0,26;20;2;TPU;Silver;41,8;7,7
JOB-0657;Osłona rolki M;0,381;0,3;40;3;PLA;Silver;90,6;29,8
JOB-0658;Obejma elementu M;0,222;0,2;25;2;ABS;Orange;125,3;28,3
JOB-0659;Przelotka wentylatora S;0,278;0,24;40;3;PETG;Transparent;34,8;6,7
JOB-0660;Adapter czujnika M;0,164;0,16;20;4;TPU;Black;367,3;43,6
JOB-0661;Przelotka włącznika S;0,16;0,12;30;3;PETG;Black;44,6;5,2
JOB-0662;Stopka kamery L;0,328;0,24;30;3;Nylon;White;413;97,6
JOB-0663;Klamra kabla L;0,305;0,24;15;3;TPU;White;172,3;39,7
JOB-0664;Dystans grzałki M;0,356;0,3;30;2;PLA;Yellow;86,2;46,1
JOB-0665;Korpus uchwytu S;0,347;0,28;30;3;ABS;Green;39,2;6,8
JOB-0666;Uchwyt kabla M;0,263;0,24;15;4;Nylon;Red;72,9;19,4
JOB-0667;Przelotka drukarki L;0,315;0,28;40;2;PLA;Silver;153,7;91,7
JOB-0668;Zawias zaworu S;0,302;0,28;30;2;PETG;Black;24,3;4,8
JOB-0669;Osłona drukarki M;0,36;0,26;25;2;Nylon;Green;97,7;25,5
JOB-0670;Zawias płyty L;0,142;0,12;35;2;PETG;Gray;500,5;101,7
JOB-0671;Adapter przewodu M;0,121;0,12;20;3;PETG;Green;228,9;38,4
JOB-0672;Pokrywa kamery S;0,217;0,16;40;3;PLA;Red;80,5;16
JOB-0673;Adapter kamery L;0,151;0,12;10;2;Nylon;Red;351;63,7
JOB-0674;Korpus silnika S;0,379;0,28;20;2;PC;Blue;21,7;3,3
JOB-0675;Osłona uchwytu S;0,383;0,28;20;3;PLA;Gray;26,6;5,2
JOB-0676;Lejek zaworu S;0,277;0,2;15;2;PLA;Transparent;26,7;6
JOB-0677;Pokrywa kamery S;0,362;0,3;30;3;ASA;Orange;29,8;5,6
JOB-0678;Zawias płyty M;0,302;0,24;30;3;ASA;Transparent;77,4;20,8
JOB-0679;Korpus przewodu S;0,264;0,24;20;3;TPU;Orange;69,6;9,6
JOB-0680;Stojak szyny M;0,328;0,28;20;2;ASA;Blue;74,1;20,4
JOB-0681;Korpus rolki S;0,146;0,12;25;2;PLA;Yellow;27,9;2,6
JOB-0682;Kołnierz zaworu M;0,345;0,26;20;2;TPU;White;101,9;19,6
JOB-0683;Stopka gniazda M;0,137;0,12;30;4;ASA;Gray;265,1;45,3
JOB-0684;Prowadnica włącznika L;0,26;0,24;25;2;Nylon;Black;210,5;51,9
JOB-0685;Dystans zaworu M;0,275;0,2;30;3;PETG;Transparent;139,4;46,9
JOB-0686;Przelotka płyty L;0,4;0,3;15;2;PETG;Transparent;157,3;51,7
JOB-0687;Przelotka uchwytu S;0,297;0,28;30;3;PETG;Yellow;34,9;9,1
JOB-0688;Przelotka uchwytu S;0,286;0,24;25;4;ABS;Silver;40,5;5,3
JOB-0689;Stopka drukarki M;0,324;0,3;15;2;PC;Blue;38,3;9,9
JOB-0690;Adapter przewodu S;0,185;0,16;15;3;PLA;Blue;36,5;5,6
JOB-0691;Pokrywa grzałki L;0,203;0,16;20;3;PETG;Orange;263,8;57,9
JOB-0692;Osłona płyty M;0,16;0,12;25;3;PETG;Blue;109,9;22,8
JOB-0693;Maskownica gniazda M;0,228;0,2;25;3;PETG;Silver;131,5;40,1
JOB-0694;Stopka kabla M;0,295;0,24;20;2;ABS;Gray;64,7;19,3
JOB-0695;Dystans drzwi S;0,409;0,3;30;2;PLA;Gray;32,7;11,9
JOB-0696;Obudowa wentylatora L;0,244;0,24;15;2;PLA;Green;152,3;51,5
JOB-0697;Ramka szyny L;0,127;0,12;30;2;ABS;Orange;509,4;68,7
JOB-0698;Adapter przekaźnika XL;0,201;0,2;20;2;PETG;White;332,7;122,1
JOB-0699;Uchwyt drzwi M;0,217;0,2;20;3;PLA;Transparent;53,1;11,2
JOB-0700;Obudowa kabla M;0,123;0,12;35;3;PLA;Black;228,7;47,2
JOB-0701;Korpus płyty S;0,319;0,24;20;4;ASA;Red;28,8;2,4
JOB-0702;Zawias grzałki S;0,271;0,24;35;3;PC;White;32,8;4,8
JOB-0703;Stopka zaworu S;0,225;0,2;25;2;PLA;Transparent;24,5;2,9
JOB-0704;Adapter drzwi M;0,192;0,16;20;3;PETG;White;67,3;12,5
JOB-0705;Zaczep kamery M;0,34;0,26;40;2;Nylon;Silver;194,3;57,2
JOB-0706;Obejma uchwytu S;0,363;0,28;30;4;PLA;Green;24,3;2,6
JOB-0707;Zaczep ramienia L;0,31;0,3;30;2;ASA;Black;179,1;63,6
JOB-0708;Zaczep rolki S;0,378;0,28;20;2;PETG;Red;31,8;9,6
JOB-0709;Zawias drzwi M;0,136;0,12;50;2;PLA;Black;190,4;34,3
JOB-0710;Lejek wentylatora S;0,281;0,28;30;3;PLA;Red;42;12,1
JOB-0711;Obejma wentylatora S;0,303;0,28;15;3;PC;Black;23;2,4
JOB-0712;Zawias rolki S;0,222;0,16;30;2;PETG;Orange;33,2;4,1
JOB-0713;Zaczep szyny S;0,282;0,24;50;2;TPU;Orange;41,2;5,5
JOB-0714;Ramka drukarki L;0,309;0,28;15;2;PLA;Yellow;130,8;50,2
JOB-0715;Obejma ramienia S;0,161;0,16;25;3;PETG;Yellow;61,9;9,5
JOB-0716;Adapter gniazda S;0,406;0,3;50;4;PETG;Yellow;39,6;11,7
JOB-0717;Stojak kabla S;0,376;0,3;25;2;PC;Gray;46,6;11,1
JOB-0718;Zaczep rolki S;0,38;0,3;20;3;ABS;Yellow;34,2;7,6
JOB-0719;Stopka gniazda XL;0,154;0,12;30;2;ABS;Gray;1803,2;228,4
JOB-0720;Stopka uchwytu M;0,243;0,2;20;2;ASA;White;115,1;29,7
JOB-0721;Zawias gniazda L;0,296;0,28;40;3;PLA;Yellow;132,4;76,2
JOB-0722;Dystans przekaźnika S;0,335;0,3;35;4;ABS;Black;27,5;3
JOB-0723;Pokrywa zaworu S;0,259;0,24;20;3;PLA;Gray;37,5;10,3
JOB-0724;Przelotka czujnika S;0,133;0,12;40;2;PLA;Yellow;68,4;10,9
JOB-0725;Zawias włącznika S;0,122;0,12;30;2;PETG;Orange;39,5;5,1
JOB-0726;Przelotka kamery L;0,272;0,24;50;3;Nylon;Yellow;486;170,4
JOB-0727;Stopka przewodu S;0,27;0,2;20;3;Nylon;Green;31,9;4,6
JOB-0728;Obejma podajnika M;0,27;0,2;20;3;PLA;White;112,6;37,2
JOB-0729;Ramka płyty L;0,259;0,2;40;4;ABS;Black;204,3;58,8
JOB-0730;Stopka drukarki S;0,327;0,24;35;3;ABS;Yellow;47,4;11,9
JOB-0731;Klamra elementu L;0,134;0,12;35;3;ABS;Gray;827,6;104,2
JOB-0732;Dystans czujnika M;0,166;0,16;25;4;PLA;Orange;78,8;22,4
JOB-0733;Klamra szyny S;0,304;0,24;30;4;PLA;Green;28,2;5,5
JOB-0734;Stopka drzwi L;0,389;0,3;40;3;PLA;Green;248,6;124,5
JOB-0735;Adapter uchwytu S;0,129;0,12;20;3;PC;Yellow;36,2;2,7
JOB-0736;Stojak przewodu S;0,327;0,28;25;4;PETG;Green;26,8;2,9
JOB-0737;Lejek elementu S;0,267;0,2;15;3;PETG;Silver;48,6;8,4
JOB-0738;Kołnierz uchwytu L;0,357;0,28;30;2;PLA;Blue;228,6;105,5
JOB-0739;Prowadnica kabla S;0,268;0,2;30;2;PETG;Red;64,1;12,9
JOB-0740;Lejek ramienia S;0,182;0,16;30;3;TPU;Gray;71,3;11,2
JOB-0741;Wspornik kabla S;0,316;0,3;30;2;ASA;Yellow;36,7;10,2
JOB-0742;Zawias czujnika S;0,264;0,2;20;2;Nylon;Blue;36,4;7
JOB-0743;Stojak szyny L;0,245;0,24;35;2;PETG;Silver;229;91,2
JOB-0744;Prowadnica gniazda S;0,162;0,16;25;2;PLA;Black;32,6;6
JOB-0745;Stopka rolki S;0,404;0,3;30;4;PETG;Silver;40,1;10,9
JOB-0746;Wspornik szyny S;0,37;0,3;15;2;ABS;Orange;23,3;4,2
JOB-0747;Klamra przekaźnika M;0,271;0,24;20;3;PLA;White;92,8;31,6
JOB-0748;Adapter zaworu L;0,154;0,12;35;2;PETG;Black;545,9;104,6
JOB-0749;Pokrywa wentylatora S;0,216;0,2;25;2;PC;White;53,5;7,5
JOB-0750;Maskownica kabla S;0,16;0,16;15;2;PETG;Black;49,2;8,6
JOB-0751;Stojak grzałki M;0,335;0,24;20;4;PC;Transparent;67,1;17,2
JOB-0752;Osłona drzwi S;0,221;0,16;30;3;PETG;Red;29,3;2,7
JOB-0753;Korpus rolki M;0,232;0,2;30;2;PLA;Green;107,4;34
JOB-0754;Obejma grzałki M;0,368;0,3;15;2;ABS;Gray;81,9;28,9
JOB-0755;Klamra podajnika S;0,167;0,16;35;2;PLA;Gray;75,5;13,8
JOB-0756;Prowadnica gniazda S;0,223;0,16;20;2;PLA;White;47,8;8,9
JOB-0757;Maskownica drzwi S;0,295;0,24;30;2;PC;White;65,1;11,5
JOB-0758;Klamra grzałki L;0,263;0,2;20;3;PLA;White;158,3;68,4
JOB-0759;Kołnierz kabla S;0,196;0,16;15;2;TPU;Yellow;43,7;5
JOB-0760;Maskownica rolki M;0,19;0,16;20;3;TPU;Green;235,4;32,8
JOB-0761;Korpus wentylatora L;0,135;0,12;40;4;PC;Transparent;530,1;104,6
JOB-0762;Dystans włącznika S;0,281;0,28;20;4;PLA;Red;31,5;9,1
JOB-0763;Obudowa podajnika XL;0,323;0,3;25;2;PC;Gray;899,9;261,9
JOB-0764;Pokrywa włącznika XL;0,33;0,28;30;2;ASA;Green;566,7;228
JOB-0765;Przelotka płyty M;0,333;0,24;35;2;TPU;Gray;244,1;53,6
JOB-0766;Obejma kabla S;0,292;0,26;25;2;Nylon;White;20,3;1,8
JOB-0767;Pokrywa gniazda S;0,271;0,2;15;3;PC;Silver;39,6;5,4
JOB-0768;Kołnierz płyty M;0,255;0,24;20;2;PETG;White;136,3;38
JOB-0769;Zaczep ramienia S;0,141;0,12;25;2;PETG;Green;55,4;9,9
JOB-0770;Uchwyt przekaźnika S;0,136;0,12;35;2;ASA;Black;45,7;3,9
JOB-0771;Stopka włącznika S;0,271;0,24;50;4;ABS;Orange;46,4;9,6
JOB-0772;Przelotka podajnika L;0,219;0,2;40;2;ASA;Yellow;249,7;62,9
JOB-0773;Kołnierz silnika M;0,172;0,16;20;2;PC;Black;167,2;34,6
JOB-0774;Wspornik przewodu M;0,129;0,12;25;3;TPU;Red;315,7;39,8
JOB-0775;Dystans włącznika S;0,122;0,12;20;2;PLA;Gray;26,2;2,9
JOB-0776;Stojak podajnika S;0,133;0,12;25;2;PLA;Red;43,8;6
JOB-0777;Pokrywa rolki M;0,208;0,2;10;2;PLA;Black;50,7;14,3
JOB-0778;Wspornik włącznika M;0,183;0,16;15;2;PC;Green;162,7;27,6
JOB-0779;Zawias zaworu S;0,163;0,16;20;3;ABS;Red;53;8,2
JOB-0780;Dystans drzwi S;0,168;0,16;25;2;ASA;White;49,3;7,5
JOB-0781;Obejma czujnika M;0,329;0,24;40;4;ASA;Transparent;202,9;45,7
JOB-0782;Klamra włącznika S;0,359;0,3;15;3;PLA;Blue;29,3;6
JOB-0783;Zawias uchwytu M;0,298;0,28;25;2;PC;Gray;98,6;26
JOB-0784;Prowadnica kabla M;0,168;0,16;30;2;ABS;Transparent;123,4;20,6
JOB-0785;Zawias drzwi L;0,278;0,2;15;2;PETG;Blue;232,1;84,7
JOB-0786;Maskownica kamery S;0,381;0,28;50;3;PLA;Green;57,1;18,3
JOB-0787;Wspornik silnika XL;0,157;0,12;20;3;PC;Black;880,3;139,8
JOB-0788;Wspornik gniazda M;0,177;0,16;20;4;ASA;Yellow;128,3;27,5
JOB-0789;Zawias uchwytu S;0,323;0,24;25;3;PLA;Red;35,4;6,9
JOB-0790;Dystans płyty S;0,254;0,24;10;3;PETG;Gray;22,5;2,6
JOB-0791;Obudowa kabla M;0,292;0,28;25;2;PETG;Yellow;126,7;40,1
JOB-0792;Przelotka wentylatora M;0,155;0,12;40;2;PLA;White;183,7;52,8
JOB-0793;Klamra silnika L;0,306;0,24;40;3;PLA;Orange;275,8;95,7
JOB-0794;Stopka przewodu M;0,175;0,16;20;2;PLA;Black;179,3;35,2
JOB-0795;Maskownica ramienia S;0,131;0,12;35;2;PETG;Blue;83,4;13,2
JOB-0796;Pokrywa podajnika L;0,318;0,28;40;2;PLA;Green;355,3;146,5
JOB-0797;Korpus czujnika L;0,318;0,24;20;3;PLA;Blue;130,6;60,7
JOB-0798;Kołnierz przewodu S;0,281;0,24;15;3;TPU;Gray;34,1;4,9
JOB-0799;Zaczep płyty S;0,376;0,3;20;2;PLA;Gray;21,6;5,2
JOB-0800;Prowadnica wentylatora M;0,291;0,24;25;2;PETG;Transparent;148,2;40,6
JOB-0801;Zaczep drukarki S;0,182;0,16;35;2;PLA;Black;35,2;8
JOB-0802;Zaczep gniazda S;0,153;0,12;40;4;PETG;Transparent;88;15
JOB-0803;Korpus płyty M;0,321;0,28;30;2;ASA;Yellow;45;13,3
JOB-0804;Dystans kamery L;0,179;0,16;25;3;PLA;Silver;239;83,1
JOB-0805;Ramka drzwi L;0,213;0,16;20;2;PETG;Black;180,2;43,1
JOB-0806;Zaczep zaworu M;0,184;0,16;25;4;ASA;Blue;150,4;24,9
JOB-0807;Stopka gniazda M;0,135;0,12;20;2;PETG;Black;135,8;27,5
JOB-0808;Pokrywa drzwi S;0,307;0,28;20;3;PLA;Green;20,7;2,5
JOB-0809;Wspornik uchwytu S;0,31;0,3;30;3;PLA;Red;28,5;8,5
JOB-0810;Przelotka gniazda L;0,24;0,2;20;2;PLA;Orange;101,7;40,7
JOB-0811;Stopka szyny M;0,121;0,12;15;3;ASA;Gray;175,3;25,6
JOB-0812;Zaczep przekaźnika M;0,13;0,12;20;2;PETG;Black;170,4;37,6
JOB-0813;Osłona podajnika M;0,223;0,2;30;2;PC;Transparent;216,3;51
JOB-0814;Zaczep drukarki M;0,37;0,28;50;2;PLA;Yellow;133,4;71,3
JOB-0815;Pokrywa elementu S;0,124;0,12;25;2;PETG;White;43,2;4,8
JOB-0816;Maskownica gniazda M;0,137;0,12;30;4;PLA;Orange;190;54
JOB-0817;Kołnierz kabla S;0,24;0,2;15;4;PETG;Silver;48,5;9
JOB-0818;Korpus płyty L;0,139;0,12;20;3;ABS;Black;274,1;36,6
JOB-0819;Stopka podajnika M;0,25;0,24;20;3;PETG;Orange;109,7;28,8
JOB-0820;Zaczep szyny M;0,305;0,3;20;2;PLA;Green;42,7;16,5
JOB-0821;Zawias czujnika M;0,217;0,2;10;2;PLA;Red;46,9;15,5
JOB-0822;Dystans włącznika S;0,283;0,24;30;2;PC;Yellow;28,8;3
JOB-0823;Lejek drzwi L;0,234;0,2;15;2;PLA;Blue;197;56,8
JOB-0824;Wspornik grzałki L;0,13;0,12;25;4;ABS;Gray;506,4;80,5
JOB-0825;Obejma czujnika L;0,233;0,2;40;2;PLA;Green;382,5;109,3
JOB-0826;Pokrywa grzałki M;0,366;0,3;30;3;PC;Gray;47,8;15,8
JOB-0827;Obejma silnika M;0,272;0,2;20;2;PETG;Green;119,8;39,8
JOB-0828;Pokrywa drzwi L;0,234;0,2;20;2;ABS;Orange;274,9;55,2
JOB-0829;Adapter wentylatora M;0,411;0,3;20;2;PETG;Transparent;87,3;31,3
JOB-0830;Ramka włącznika L;0,27;0,26;10;2;Nylon;White;93,4;31,1
JOB-0831;Adapter ramienia S;0,333;0,28;35;3;PETG;Black;47;12,5
JOB-0832;Kołnierz rolki M;0,144;0,12;35;2;PC;Orange;251,2;48,1
JOB-0833;Osłona kamery L;0,159;0,12;10;3;PLA;Yellow;197,6;33,6
JOB-0834;Dystans przewodu XL;0,412;0,3;20;4;PLA;Silver;277,9;144,9
JOB-0835;Adapter uchwytu L;0,252;0,24;20;4;PC;Yellow;350,3;85,9
JOB-0836;Obudowa grzałki S;0,148;0,12;20;3;Nylon;Blue;33;2,4
JOB-0837;Prowadnica drukarki M;0,329;0,3;10;3;ASA;White;78,4;26,8
JOB-0838;Wspornik silnika S;0,15;0,12;35;3;PLA;Red;45,8;5,7
JOB-0839;Stopka silnika S;0,16;0,12;15;2;PLA;Silver;26,2;2,7
JOB-0840;Pokrywa przekaźnika M;0,327;0,24;25;2;PETG;Black;67,6;19,1
JOB-0841;Klamra czujnika L;0,249;0,2;30;3;PLA;Gray;137,1;63,9
JOB-0842;Zawias czujnika S;0,321;0,28;20;4;PLA;Blue;22,2;2,1
JOB-0843;Maskownica elementu S;0,195;0,16;30;2;PLA;Red;27,6;5,1
JOB-0844;Stopka silnika L;0,178;0,16;40;2;ASA;Orange;323,5;72,8
JOB-0845;Osłona silnika XL;0,318;0,24;35;2;PETG;Silver;656,8;240,5
JOB-0846;Wspornik podajnika L;0,289;0,24;20;2;ABS;Yellow;299,4;75,1
JOB-0847;Stojak przewodu S;0,202;0,16;10;2;PLA;Transparent;25,4;3,2
JOB-0848;Stopka drukarki M;0,343;0,28;30;2;ASA;White;56,4;17,8
JOB-0849;Dystans kamery M;0,351;0,3;25;2;ABS;Transparent;133,8;36,8
JOB-0850;Wspornik gniazda M;0,298;0,24;35;2;Nylon;Red;228,9;52,4
JOB-0851;Klamra włącznika L;0,279;0,24;30;2;PLA;Black;324,2;127,4
JOB-0852;Przelotka szyny L;0,206;0,2;15;2;PLA;Black;219,2;72,1
JOB-0853;Prowadnica kabla M;0,125;0,12;50;2;ABS;Yellow;255,4;45,1
JOB-0854;Klamra czujnika M;0,212;0,16;20;2;Nylon;Gray;149,3;21,5
JOB-0855;Stopka rolki S;0,158;0,12;35;2;PC;Black;122,9;14,3
JOB-0856;Ramka silnika S;0,326;0,28;15;3;ABS;Gray;21,8;2,3
JOB-0857;Korpus ramienia XL;0,392;0,3;30;3;PETG;Red;428;198,8
JOB-0858;Stopka zaworu S;0,261;0,24;30;3;PETG;Red;28,2;3,2
JOB-0859;Adapter przewodu M;0,268;0,2;25;2;PETG;Green;131,1;41,9
JOB-0860;Maskownica uchwytu M;0,256;0,24;25;2;PLA;Green;63,5;18,4
JOB-0861;Ramka ramienia S;0,304;0,24;15;2;ABS;Gray;19,6;1,3
JOB-0862;Uchwyt gniazda S;0,321;0,28;25;2;PLA;Transparent;28,6;6,7
JOB-0863;Prowadnica silnika S;0,356;0,28;20;2;ASA;Yellow;24;3,4
JOB-0864;Stopka gniazda S;0,257;0,2;25;3;PLA;Black;39,9;7,4
JOB-0865;Obejma grzałki S;0,311;0,3;20;2;PLA;Blue;25,9;7
JOB-0866;Obudowa szyny S;0,169;0,16;30;3;PETG;Blue;64,4;10,2
JOB-0867;Lejek płyty S;0,148;0,12;20;2;PETG;Black;51,7;7,5
JOB-0868;Adapter drukarki XL;0,367;0,28;25;3;PETG;Black;594,6;263,8
JOB-0869;Maskownica kamery XL;0,319;0,24;30;2;Nylon;Green;605,9;159,9
JOB-0870;Zaczep ramienia M;0,202;0,16;20;2;TPU;Silver;153,3;28,6
JOB-0871;Kołnierz drzwi M;0,151;0,12;30;3;PETG;Red;154,8;22,5
JOB-0872;Kołnierz drukarki S;0,233;0,2;35;4;TPU;Orange;77,3;14,2
JOB-0873;Adapter czujnika M;0,273;0,24;20;2;PLA;Silver;60,9;23,1
JOB-0874;Maskownica czujnika XL;0,308;0,3;20;2;PETG;Gray;483,9;188,4
JOB-0875;Zaczep ramienia S;0,245;0,24;25;2;PETG;Red;28,9;4,9
JOB-0876;Korpus drukarki S;0,235;0,2;30;3;TPU;Transparent;38,6;3,2
JOB-0877;Maskownica grzałki M;0,265;0,24;20;4;PLA;Orange;58,4;24,9
JOB-0878;Maskownica wentylatora L;0,173;0,16;35;2;PLA;Silver;272,6;68,8
JOB-0879;Stojak elementu L;0,192;0,16;20;2;PLA;Orange;218,3;66,5
JOB-0880;Prowadnica uchwytu S;0,327;0,24;25;2;PETG;Orange;39,4;7,4
JOB-0881;Obejma elementu L;0,284;0,24;40;3;PETG;Gray;248,7;72,4
JOB-0882;Uchwyt silnika M;0,153;0,12;35;2;Nylon;White;155,9;26,4
JOB-0883;Zaczep drukarki S;0,407;0,3;15;3;ASA;Transparent;21,3;2,3
JOB-0884;Zawias silnika S;0,166;0,16;30;3;ABS;Black;28,8;2,5
JOB-0885;Osłona elementu S;0,195;0,16;15;2;PETG;Transparent;29,4;4,5
JOB-0886;Klamra zaworu S;0,337;0,26;15;2;TPU;Silver;23,3;2,4
JOB-0887;Dystans podajnika M;0,209;0,2;15;2;PETG;Blue;75,4;18,6
JOB-0888;Stojak przewodu S;0,353;0,3;25;2;PLA;Blue;22,5;4,8
JOB-0889;Obejma wentylatora S;0,339;0,28;50;2;PETG;Orange;59,4;16,6
JOB-0890;Stopka wentylatora S;0,179;0,16;30;2;PLA;Gray;51,2;9,8
JOB-0891;Przelotka uchwytu M;0,252;0,24;25;2;TPU;Orange;124,6;30,5
JOB-0892;Lejek kamery S;0,313;0,3;35;3;PC;Green;27,6;3
JOB-0893;Uchwyt wentylatora M;0,264;0,24;40;2;ASA;Red;88,1;28,5
JOB-0894;Klamra zaworu L;0,376;0,3;35;3;PETG;Green;208,8;90,9
JOB-0895;Adapter zaworu S;0,345;0,28;20;2;PLA;Orange;19,5;3
JOB-0896;Obejma szyny M;0,166;0,12;20;3;PLA;Gray;149,2;28,5
JOB-0897;Stopka wentylatora S;0,329;0,28;25;3;PLA;Red;29,2;8,3
JOB-0898;Maskownica rolki S;0,372;0,28;20;3;PETG;Gray;25,5;4
JOB-0899;Maskownica gniazda XL;0,348;0,28;35;2;PETG;Green;422,5;160,3
JOB-0900;Zawias kamery M;0,234;0,2;15;3;ABS;Transparent;119,3;29,6
JOB-0901;Wspornik grzałki M;0,311;0,26;25;2;TPU;Black;151,7;42,1
JOB-0902;Uchwyt silnika M;0,126;0,12;15;2;ASA;Black;135,9;23,6
JOB-0903;Zawias drzwi M;0,21;0,16;20;2;PLA;Transparent;168,5;33,6
JOB-0904;Zaczep silnika M;0,281;0,24;30;3;ABS;Yellow;54,8;13,2
JOB-0905;Dystans drzwi S;0,12;0,12;20;4;PETG;Silver;56,2;6,3
JOB-0906;Prowadnica drukarki S;0,274;0,24;20;3;PETG;Black;24,3;2,4
JOB-0907;Prowadnica elementu S;0,371;0,28;15;2;PLA;Yellow;21,9;3,2
JOB-0908;Stojak podajnika M;0,208;0,2;20;3;ASA;Green;113,8;23,6
JOB-0909;Stojak przewodu L;0,304;0,28;15;2;ASA;Silver;219,6;66,3
JOB-0910;Maskownica wentylatora M;0,296;0,24;30;3;PLA;Red;48,4;18,2
JOB-0911;Uchwyt drukarki S;0,188;0,16;10;2;PLA;Silver;29,6;3,9
JOB-0912;Przelotka grzałki L;0,261;0,2;40;4;PLA;Green;232,4;103
JOB-0913;Klamra elementu L;0,356;0,28;40;3;PETG;Yellow;363,4;148,3
JOB-0914;Kołnierz wentylatora XL;0,211;0,16;20;3;PETG;Silver;870,5;179,3
JOB-0915;Osłona czujnika S;0,265;0,2;25;2;PC;Transparent;31,5;4,7
JOB-0916;Lejek drzwi L;0,166;0,12;35;3;PLA;Silver;448,9;99,8
JOB-0917;Kołnierz szyny L;0,158;0,12;15;3;PLA;Black;313,3;68,7
JOB-0918;Przelotka kabla S;0,141;0,12;30;2;PLA;Gray;33,2;3,4
JOB-0919;Uchwyt grzałki S;0,365;0,3;30;2;PETG;Red;24,2;5
JOB-0920;Korpus podajnika M;0,254;0,2;25;2;PLA;White;61,8;19,6
JOB-0921;Obudowa przekaźnika S;0,291;0,26;30;2;TPU;Gray;68;12,3
JOB-0922;Wspornik ramienia S;0,241;0,2;40;4;PETG;Blue;56,1;11,8
JOB-0923;Prowadnica uchwytu M;0,412;0,3;10;3;PC;Yellow;79,8;18
JOB-0924;Obejma elementu M;0,354;0,28;30;3;PETG;Silver;53,4;19
JOB-0925;Prowadnica elementu S;0,278;0,2;20;3;PLA;Red;29,1;4
JOB-0926;Prowadnica uchwytu M;0,394;0,3;20;2;ASA;Yellow;94,5;31,8
JOB-0927;Przelotka silnika L;0,29;0,26;20;4;Nylon;Gray;337,6;86
JOB-0928;Adapter podajnika M;0,161;0,16;15;2;PLA;Yellow;92,2;31,5
JOB-0929;Obejma włącznika S;0,247;0,24;25;3;PLA;Transparent;50,2;10,9
JOB-0930;Osłona grzałki M;0,136;0,12;25;2;TPU;Yellow;349,2;35
JOB-0931;Lejek przewodu L;0,335;0,3;40;2;PLA;Black;269,9;147,9
JOB-0932;Przelotka elementu S;0,331;0,28;40;4;ASA;Silver;53,4;13,2
JOB-0933;Dystans drukarki S;0,148;0,12;30;2;PLA;Silver;45;7,4
JOB-0934;Osłona kamery S;0,369;0,3;40;3;PLA;Green;50,1;15,6
JOB-0935;Adapter płyty M;0,223;0,16;20;2;PLA;Blue;75,8;16,8
JOB-0936;Zawias czujnika M;0,34;0,28;25;2;ABS;Gray;47,2;14,5
JOB-0937;Adapter silnika L;0,268;0,24;20;2;PETG;Black;185,7;67,5
JOB-0938;Prowadnica wentylatora S;0,309;0,3;15;2;PETG;Yellow;23,8;3,5
JOB-0939;Dystans silnika M;0,164;0,12;25;2;PLA;Transparent;141;34,5
JOB-0940;Wspornik gniazda M;0,132;0,12;35;2;PC;Transparent;279,8;54,2
JOB-0941;Korpus włącznika S;0,326;0,26;20;3;TPU;Red;52;8,9
JOB-0942;Wspornik płyty M;0,199;0,16;15;2;TPU;Red;141,1;13,7
JOB-0943;Osłona ramienia L;0,25;0,2;40;2;ABS;Orange;424,2;118,5
JOB-0944;Dystans silnika L;0,22;0,2;15;2;PETG;Blue;256,9;75,6
JOB-0945;Prowadnica czujnika S;0,298;0,24;20;3;PLA;Green;22;2,9
JOB-0946;Ramka podajnika M;0,231;0,2;35;2;PLA;Transparent;128,9;38,2
JOB-0947;Klamra zaworu S;0,27;0,2;30;2;PETG;Black;50,7;11,2
JOB-0948;Przelotka ramienia S;0,138;0,12;30;4;ASA;White;60,2;8,1
JOB-0949;Maskownica przekaźnika S;0,206;0,16;10;2;ASA;Transparent;29,3;3,8
JOB-0950;Lejek kabla S;0,144;0,12;25;2;TPU;Green;29,7;2
JOB-0951;Zaczep rolki M;0,379;0,3;30;2;PLA;Blue;46,8;14,1
JOB-0952;Adapter uchwytu L;0,164;0,12;30;2;TPU;White;610,5;81,3
JOB-0953;Kołnierz uchwytu L;0,281;0,26;35;3;Nylon;Red;386,2;91
JOB-0954;Obudowa szyny M;0,22;0,2;20;2;PETG;Blue;62,7;18,9
JOB-0955;Wspornik silnika M;0,138;0,12;30;3;ASA;Green;223,1;31,4
JOB-0956;Zaczep gniazda S;0,176;0,16;30;2;ABS;Green;42,3;6,8
JOB-0957;Zaczep kabla L;0,272;0,24;35;2;ABS;Orange;202,4;52
JOB-0958;Prowadnica kamery S;0,315;0,28;35;3;PLA;Silver;25,3;5,1
JOB-0959;Obudowa przekaźnika XL;0,126;0,12;35;2;PETG;Orange;876;161,6
JOB-0960;Zaczep drzwi XL;0,29;0,24;25;2;PETG;White;331,4;123,3
JOB-0961;Wspornik przekaźnika S;0,407;0,3;25;2;PETG;Black;40,7;11
JOB-0962;Zaczep przekaźnika XL;0,385;0,28;35;3;PLA;Transparent;494,8;223,8
JOB-0963;Klamra elementu S;0,153;0,12;25;2;PETG;Orange;30,1;2,6
JOB-0964;Maskownica podajnika S;0,172;0,16;25;3;PLA;Black;46,7;8,5
JOB-0965;Zawias rolki L;0,318;0,3;30;2;PETG;Blue;198,3;96,8
JOB-0966;Osłona szyny M;0,248;0,2;35;2;PLA;Silver;127;46,9
JOB-0967;Korpus kabla S;0,16;0,16;50;3;PLA;Black;83,9;16
JOB-0968;Lejek ramienia S;0,185;0,16;25;2;PLA;Orange;42,6;9,2
JOB-0969;Dystans drzwi M;0,206;0,16;15;2;PLA;Transparent;48,8;14,2
JOB-0970;Stojak podajnika M;0,157;0,12;25;3;PETG;Blue;126,7;25,5
JOB-0971;Zawias czujnika S;0,343;0,3;40;3;PLA;Transparent;27,8;7,8
JOB-0972;Stopka kabla S;0,352;0,28;20;2;PETG;Green;38,9;9,6
JOB-0973;Lejek przekaźnika M;0,376;0,3;15;2;PC;Blue;34,3;9,9
JOB-0974;Korpus podajnika S;0,214;0,16;10;3;PETG;Transparent;42,4;7,5
JOB-0975;Obudowa kamery S;0,303;0,24;30;2;Nylon;White;26,2;3
JOB-0976;Uchwyt wentylatora XL;0,232;0,2;20;3;Nylon;Green;754;196,4
JOB-0977;Obudowa drukarki S;0,299;0,28;20;2;PLA;Transparent;19,6;2
JOB-0978;Korpus przekaźnika L;0,258;0,24;25;2;PLA;Green;163;51,7
JOB-0979;Zawias przewodu S;0,135;0,12;35;3;PLA;Black;41,5;7,2
JOB-0980;Maskownica rolki S;0,173;0,16;20;3;PLA;Yellow;28,8;4,6
JOB-0981;Uchwyt uchwytu S;0,373;0,28;20;2;ABS;Blue;33,8;6,8
JOB-0982;Obejma drzwi M;0,384;0,3;50;3;PETG;Transparent;120,6;57,6
JOB-0983;Lejek przewodu S;0,15;0,12;30;2;Nylon;Blue;49;6,6
JOB-0984;Pokrywa podajnika M;0,408;0,3;20;2;PETG;Green;44,3;11,3
JOB-0985;Osłona elementu L;0,282;0,24;15;3;PETG;Green;157;56,2
JOB-0986;Prowadnica włącznika S;0,314;0,28;25;3;PETG;Yellow;40,3;9,6
JOB-0987;Obejma zaworu M;0,347;0,28;40;3;PLA;Yellow;58,6;17,8
JOB-0988;Ramka gniazda S;0,158;0,12;15;3;PC;Silver;85,8;9,5
JOB-0989;Prowadnica przewodu S;0,166;0,16;20;3;PLA;Black;34,2;4,6
JOB-0990;Ramka płyty S;0,304;0,24;20;2;ABS;Green;29,9;5,3
JOB-0991;Dystans grzałki L;0,258;0,2;20;2;ASA;White;182,1;54,4
JOB-0992;Obejma czujnika XL;0,321;0,28;30;2;PETG;White;374,9;136,2
JOB-0993;Pokrywa podajnika S;0,185;0,16;30;4;ABS;Yellow;39,8;3,9
JOB-0994;Adapter elementu S;0,29;0,24;35;2;PLA;Blue;52;13,7
JOB-0995;Ramka czujnika L;0,144;0,12;15;3;Nylon;Green;622,9;76,8
JOB-0996;Stojak szyny M;0,142;0,12;15;2;PETG;Yellow;153,4;28,6
JOB-0997;Wspornik rolki S;0,241;0,24;15;4;ASA;Transparent;30,3;4,5
JOB-0998;Osłona ramienia S;0,122;0,12;25;3;PLA;Silver;33,5;4,9
JOB-0999;Uchwyt grzałki S;0,226;0,2;30;3;PLA;Green;32;5,3
JOB-1000;Kołnierz ramienia S;0,188;0,16;20;2;PLA;Black;31,6;6,2
